model,dimension,v_measure,adjusted_rand,nmi
Qwen3-8B,4096,0.22999758619587343,0.08167974442159451,0.22999758619587343
Qwen3-8B,2048,0.21229448349928223,0.0693405559343004,0.21229448349928223
Qwen3-8B,1024,0.18500285291654384,0.056712832155709256,0.18500285291654384
Qwen3-8B,512,0.16288077160178396,0.04754260869228077,0.1628807716017839
Qwen3-8B,256,0.14743846262260324,0.04092623728948093,0.14743846262260324
Gemma3-4B,2560,0.2705781754198889,0.10137631979019694,0.2705781754198889
Gemma3-4B,1280,0.24349349223217223,0.08386721862210927,0.24349349223217223
Gemma3-4B,640,0.21036856664744966,0.06622224058883937,0.21036856664744966
Gemma3-4B,320,0.17650137502599647,0.04916404965804086,0.17650137502599647
Llama3.2-3B,3072,0.22580638770764894,0.07610414330892289,0.22580638770764894
Llama3.2-3B,1536,0.1830129820123019,0.05072300709167292,0.1830129820123019
Llama3.2-3B,768,0.15237938928182387,0.03819019420653953,0.15237938928182387
Llama3.2-3B,384,0.12864270197590855,0.028711641299496948,0.12864270197590855
Phi4-mini,3072,0.1510579660473465,0.03977802920370218,0.1510579660473465
Phi4-mini,1536,0.1288701528936202,0.029082672570300474,0.1288701528936202
Phi4-mini,768,0.10928802739670442,0.020476880398244645,0.10928802739670442
Phi4-mini,384,0.09636799876486538,0.01819335472652344,0.09636799876486538
Mistral-7B,4096,0.25197334764542856,0.09582508749855827,0.2519733476454286
Mistral-7B,2048,0.22233558000436549,0.08035420102655608,0.22233558000436549
Mistral-7B,1024,0.19659673955054371,0.06909565809087455,0.19659673955054371
Mistral-7B,512,0.17389735908681309,0.05565587137877378,0.17389735908681309
