model,dimension,accuracy,macro_f1
Qwen3-8B,4096,0.4577922077922078,0.4331507122728111
Qwen3-8B,2048,0.7717532467532467,0.7635073792892353
Qwen3-8B,1024,0.763961038961039,0.7553169932347974
Qwen3-8B,512,0.7532467532467533,0.7435432866180199
Qwen3-8B,256,0.7292207792207792,0.7189054179446787
Gemma3-4B,2560,0.7837662337662338,0.7750677037203029
Gemma3-4B,1280,0.8211038961038961,0.8191162811539772
Gemma3-4B,640,0.8152597402597402,0.8129101332784519
Gemma3-4B,320,0.8,0.7968319878500767
Llama3.2-3B,3072,0.7912337662337663,0.7851604115565256
Llama3.2-3B,1536,0.825974025974026,0.823923105113497
Llama3.2-3B,768,0.8172077922077922,0.8148750089474079
Llama3.2-3B,384,0.8081168831168831,0.8054547910961043
Phi4-mini,3072,0.47954545454545455,0.4520862602302734
Phi4-mini,1536,0.7295454545454545,0.7207601361193946
Phi4-mini,768,0.714935064935065,0.705057105780194
Phi4-mini,384,0.6931818181818182,0.6824307801717159
Mistral-7B,4096,0.7496753246753247,0.7362210032305407
Mistral-7B,2048,0.8136363636363636,0.8099339096111455
Mistral-7B,1024,0.8074675324675324,0.8034055466951362
Mistral-7B,512,0.7951298701298701,0.7897991978123101
