model,task,metric,dimension,score,native_score,delta_score,relative_change_pct
Qwen3-8B,STSB,cosine_spearman,2048,0.4307390090013596,0.31935808217013295,0.11138092683122663,34.87650166056866
Gemma3-4B,STSB,cosine_spearman,1280,0.5931090569977232,0.5556569902263853,0.037452066771337944,6.740141387599436
Llama3.2-3B,STSB,cosine_spearman,1536,0.6041789489788109,0.5406037276494655,0.06357522132934534,11.760041242366043
Phi4-mini,STSB,cosine_spearman,1536,0.36062150331714693,0.33230536100007413,0.0283161423170728,8.52112112541768
Mistral-7B,STSB,cosine_spearman,2048,0.49920545482729706,0.4383971846048602,0.060808270222436844,13.870588671148758
Qwen3-8B,Banking77,accuracy,2048,0.7717532467532467,0.4577922077922078,0.31396103896103894,68.58156028368793
Qwen3-8B,Banking77,macro_f1,2048,0.7635073792892353,0.4331507122728111,0.3303566670164242,76.26829592014057
Gemma3-4B,Banking77,accuracy,1280,0.8211038961038961,0.7837662337662338,0.037337662337662336,4.76387738193869
Gemma3-4B,Banking77,macro_f1,1280,0.8191162811539772,0.7750677037203029,0.044048577433674296,5.683190929288162
Llama3.2-3B,Banking77,accuracy,1536,0.825974025974026,0.7912337662337663,0.03474025974025974,4.390644234714813
Llama3.2-3B,Banking77,macro_f1,1536,0.823923105113497,0.7851604115565256,0.03876269355697137,4.936913907837896
Phi4-mini,Banking77,accuracy,1536,0.7295454545454545,0.47954545454545455,0.24999999999999994,52.13270142180093
Phi4-mini,Banking77,macro_f1,1536,0.7207601361193946,0.4520862602302734,0.2686738758891212,59.42978133249842
Mistral-7B,Banking77,accuracy,2048,0.8136363636363636,0.7496753246753247,0.06396103896103889,8.531831961888253
Mistral-7B,Banking77,macro_f1,2048,0.8099339096111455,0.7362210032305407,0.07371290638060479,10.012334075929953
Qwen3-8B,SciFact,ndcg_at_10,4096,0.0223646252325652,0.0223646252325652,0.0,0.0
Qwen3-8B,SciFact,mrr_at_10,4096,0.018948412698412697,0.018948412698412697,0.0,0.0
Qwen3-8B,SciFact,recall_at_10,2048,0.04,0.03666666666666667,0.003333333333333334,9.090909090909092
Qwen3-8B,SciFact,recall_at_100,2048,0.135,0.12666666666666668,0.008333333333333331,6.57894736842105
Gemma3-4B,SciFact,ndcg_at_10,1280,0.05597832313193849,0.048163051670317335,0.007815271461621157,16.22669492605609
Gemma3-4B,SciFact,mrr_at_10,1280,0.05281746031746032,0.04742592592592593,0.005391534391534392,11.368327104367713
Gemma3-4B,SciFact,recall_at_10,1280,0.08816666666666667,0.07083333333333333,0.01733333333333334,24.470588235294127
Gemma3-4B,SciFact,recall_at_100,1280,0.20894444444444443,0.19394444444444445,0.014999999999999986,7.7341735892294405
Llama3.2-3B,SciFact,ndcg_at_10,1536,0.04578684936708278,0.04522034930399857,0.000566500063084209,1.252754726142986
Llama3.2-3B,SciFact,mrr_at_10,1536,0.038582010582010585,0.03671164021164021,0.0018703703703703764,5.094761115514897
Llama3.2-3B,SciFact,recall_at_10,1536,0.08066666666666666,0.07733333333333334,0.003333333333333327,4.310344827586198
Llama3.2-3B,SciFact,recall_at_100,3072,0.16422222222222221,0.16422222222222221,0.0,0.0
Phi4-mini,SciFact,ndcg_at_10,1536,0.02553067073597445,0.01618770722864699,0.00934296350732746,57.71641020782391
Phi4-mini,SciFact,mrr_at_10,1536,0.02325925925925926,0.013337301587301589,0.009921957671957672,74.39254190221163
Phi4-mini,SciFact,recall_at_10,1536,0.03611111111111111,0.02666666666666667,0.00944444444444444,35.41666666666665
Phi4-mini,SciFact,recall_at_100,1536,0.11511111111111111,0.08744444444444445,0.02766666666666666,31.63913595933925
Mistral-7B,SciFact,ndcg_at_10,2048,0.016005180186304483,0.014073883194648286,0.0019312969916561971,13.72255947378183
Mistral-7B,SciFact,mrr_at_10,2048,0.012896825396825396,0.01280952380952381,8.730158730158553e-05,0.6815365551424892
Mistral-7B,SciFact,recall_at_10,2048,0.02666666666666667,0.018333333333333333,0.008333333333333335,45.45454545454546
Mistral-7B,SciFact,recall_at_100,2048,0.08777777777777777,0.07111111111111111,0.016666666666666663,23.437499999999996
Qwen3-8B,Arxiv-Clustering,v_measure,4096,0.22999758619587343,0.22999758619587343,0.0,0.0
Qwen3-8B,Arxiv-Clustering,nmi,4096,0.22999758619587343,0.22999758619587343,0.0,0.0
Qwen3-8B,Arxiv-Clustering,adjusted_rand,4096,0.08167974442159451,0.08167974442159451,0.0,0.0
Gemma3-4B,Arxiv-Clustering,v_measure,2560,0.2705781754198889,0.2705781754198889,0.0,0.0
Gemma3-4B,Arxiv-Clustering,nmi,2560,0.2705781754198889,0.2705781754198889,0.0,0.0
Gemma3-4B,Arxiv-Clustering,adjusted_rand,2560,0.10137631979019694,0.10137631979019694,0.0,0.0
Llama3.2-3B,Arxiv-Clustering,v_measure,3072,0.22580638770764894,0.22580638770764894,0.0,0.0
Llama3.2-3B,Arxiv-Clustering,nmi,3072,0.22580638770764894,0.22580638770764894,0.0,0.0
Llama3.2-3B,Arxiv-Clustering,adjusted_rand,3072,0.07610414330892289,0.07610414330892289,0.0,0.0
Phi4-mini,Arxiv-Clustering,v_measure,3072,0.1510579660473465,0.1510579660473465,0.0,0.0
Phi4-mini,Arxiv-Clustering,nmi,3072,0.1510579660473465,0.1510579660473465,0.0,0.0
Phi4-mini,Arxiv-Clustering,adjusted_rand,3072,0.03977802920370218,0.03977802920370218,0.0,0.0
Mistral-7B,Arxiv-Clustering,v_measure,4096,0.25197334764542856,0.25197334764542856,0.0,0.0
Mistral-7B,Arxiv-Clustering,nmi,4096,0.2519733476454286,0.2519733476454286,0.0,0.0
Mistral-7B,Arxiv-Clustering,adjusted_rand,4096,0.09582508749855827,0.09582508749855827,0.0,0.0
