model,task,dataset,dataset_revision,split,dimension,reduction,metric,score,seed,protocol,n_eval,source_file
Gemma3-4B,Arxiv-Clustering,mteb/arxiv-clustering-s2s,47e9d883ac27f79246060596f0693e285cace2eb,test,2560,native,v_measure,0.2705781754198889,42,arxiv-s2s-per-set-minibatch-kmeans-v2,707723,Gemma3-4B/Arxiv-Clustering/results.json
Gemma3-4B,Arxiv-Clustering,mteb/arxiv-clustering-s2s,47e9d883ac27f79246060596f0693e285cace2eb,test,2560,native,adjusted_rand,0.10137631979019694,42,arxiv-s2s-per-set-minibatch-kmeans-v2,707723,Gemma3-4B/Arxiv-Clustering/results.json
Gemma3-4B,Arxiv-Clustering,mteb/arxiv-clustering-s2s,47e9d883ac27f79246060596f0693e285cace2eb,test,2560,native,nmi,0.2705781754198889,42,arxiv-s2s-per-set-minibatch-kmeans-v2,707723,Gemma3-4B/Arxiv-Clustering/results.json
Gemma3-4B,Arxiv-Clustering,mteb/arxiv-clustering-s2s,47e9d883ac27f79246060596f0693e285cace2eb,test,1280,pca,v_measure,0.24349349223217223,42,arxiv-s2s-per-set-minibatch-kmeans-v2,707723,Gemma3-4B/Arxiv-Clustering/results.json
Gemma3-4B,Arxiv-Clustering,mteb/arxiv-clustering-s2s,47e9d883ac27f79246060596f0693e285cace2eb,test,1280,pca,adjusted_rand,0.08386721862210927,42,arxiv-s2s-per-set-minibatch-kmeans-v2,707723,Gemma3-4B/Arxiv-Clustering/results.json
Gemma3-4B,Arxiv-Clustering,mteb/arxiv-clustering-s2s,47e9d883ac27f79246060596f0693e285cace2eb,test,1280,pca,nmi,0.24349349223217223,42,arxiv-s2s-per-set-minibatch-kmeans-v2,707723,Gemma3-4B/Arxiv-Clustering/results.json
Gemma3-4B,Arxiv-Clustering,mteb/arxiv-clustering-s2s,47e9d883ac27f79246060596f0693e285cace2eb,test,640,pca,v_measure,0.21036856664744966,42,arxiv-s2s-per-set-minibatch-kmeans-v2,707723,Gemma3-4B/Arxiv-Clustering/results.json
Gemma3-4B,Arxiv-Clustering,mteb/arxiv-clustering-s2s,47e9d883ac27f79246060596f0693e285cace2eb,test,640,pca,adjusted_rand,0.06622224058883937,42,arxiv-s2s-per-set-minibatch-kmeans-v2,707723,Gemma3-4B/Arxiv-Clustering/results.json
Gemma3-4B,Arxiv-Clustering,mteb/arxiv-clustering-s2s,47e9d883ac27f79246060596f0693e285cace2eb,test,640,pca,nmi,0.21036856664744966,42,arxiv-s2s-per-set-minibatch-kmeans-v2,707723,Gemma3-4B/Arxiv-Clustering/results.json
Gemma3-4B,Arxiv-Clustering,mteb/arxiv-clustering-s2s,47e9d883ac27f79246060596f0693e285cace2eb,test,320,pca,v_measure,0.17650137502599647,42,arxiv-s2s-per-set-minibatch-kmeans-v2,707723,Gemma3-4B/Arxiv-Clustering/results.json
Gemma3-4B,Arxiv-Clustering,mteb/arxiv-clustering-s2s,47e9d883ac27f79246060596f0693e285cace2eb,test,320,pca,adjusted_rand,0.04916404965804086,42,arxiv-s2s-per-set-minibatch-kmeans-v2,707723,Gemma3-4B/Arxiv-Clustering/results.json
Gemma3-4B,Arxiv-Clustering,mteb/arxiv-clustering-s2s,47e9d883ac27f79246060596f0693e285cace2eb,test,320,pca,nmi,0.17650137502599647,42,arxiv-s2s-per-set-minibatch-kmeans-v2,707723,Gemma3-4B/Arxiv-Clustering/results.json
Gemma3-4B,Banking77,PolyAI/banking77,0b62e79500b84f0fff5a36a4404028f48fbc8621,test,2560,native,accuracy,0.7837662337662338,42,banking77-official-train-test-logistic-v2,3080,Gemma3-4B/Banking77/results.json
Gemma3-4B,Banking77,PolyAI/banking77,0b62e79500b84f0fff5a36a4404028f48fbc8621,test,2560,native,macro_f1,0.7750677037203029,42,banking77-official-train-test-logistic-v2,3080,Gemma3-4B/Banking77/results.json
Gemma3-4B,Banking77,PolyAI/banking77,0b62e79500b84f0fff5a36a4404028f48fbc8621,test,1280,pca,accuracy,0.8211038961038961,42,banking77-official-train-test-logistic-v2,3080,Gemma3-4B/Banking77/results.json
Gemma3-4B,Banking77,PolyAI/banking77,0b62e79500b84f0fff5a36a4404028f48fbc8621,test,1280,pca,macro_f1,0.8191162811539772,42,banking77-official-train-test-logistic-v2,3080,Gemma3-4B/Banking77/results.json
Gemma3-4B,Banking77,PolyAI/banking77,0b62e79500b84f0fff5a36a4404028f48fbc8621,test,640,pca,accuracy,0.8152597402597402,42,banking77-official-train-test-logistic-v2,3080,Gemma3-4B/Banking77/results.json
Gemma3-4B,Banking77,PolyAI/banking77,0b62e79500b84f0fff5a36a4404028f48fbc8621,test,640,pca,macro_f1,0.8129101332784519,42,banking77-official-train-test-logistic-v2,3080,Gemma3-4B/Banking77/results.json
Gemma3-4B,Banking77,PolyAI/banking77,0b62e79500b84f0fff5a36a4404028f48fbc8621,test,320,pca,accuracy,0.8,42,banking77-official-train-test-logistic-v2,3080,Gemma3-4B/Banking77/results.json
Gemma3-4B,Banking77,PolyAI/banking77,0b62e79500b84f0fff5a36a4404028f48fbc8621,test,320,pca,macro_f1,0.7968319878500767,42,banking77-official-train-test-logistic-v2,3080,Gemma3-4B/Banking77/results.json
Gemma3-4B,SciFact,mteb/scifact,cf10ab6856b15b0e670ef8ae5dae4e266c12d035,test,2560,native,ndcg_at_10,0.048163051670317335,42,exact-cosine-linear-ndcg-v2,300,Gemma3-4B/SciFact/results.json
Gemma3-4B,SciFact,mteb/scifact,cf10ab6856b15b0e670ef8ae5dae4e266c12d035,test,2560,native,recall_at_10,0.07083333333333333,42,exact-cosine-linear-ndcg-v2,300,Gemma3-4B/SciFact/results.json
Gemma3-4B,SciFact,mteb/scifact,cf10ab6856b15b0e670ef8ae5dae4e266c12d035,test,2560,native,recall_at_100,0.19394444444444445,42,exact-cosine-linear-ndcg-v2,300,Gemma3-4B/SciFact/results.json
Gemma3-4B,SciFact,mteb/scifact,cf10ab6856b15b0e670ef8ae5dae4e266c12d035,test,2560,native,mrr_at_10,0.04742592592592593,42,exact-cosine-linear-ndcg-v2,300,Gemma3-4B/SciFact/results.json
Gemma3-4B,SciFact,mteb/scifact,cf10ab6856b15b0e670ef8ae5dae4e266c12d035,test,1280,pca,ndcg_at_10,0.05597832313193849,42,exact-cosine-linear-ndcg-v2,300,Gemma3-4B/SciFact/results.json
Gemma3-4B,SciFact,mteb/scifact,cf10ab6856b15b0e670ef8ae5dae4e266c12d035,test,1280,pca,recall_at_10,0.08816666666666667,42,exact-cosine-linear-ndcg-v2,300,Gemma3-4B/SciFact/results.json
Gemma3-4B,SciFact,mteb/scifact,cf10ab6856b15b0e670ef8ae5dae4e266c12d035,test,1280,pca,recall_at_100,0.20894444444444443,42,exact-cosine-linear-ndcg-v2,300,Gemma3-4B/SciFact/results.json
Gemma3-4B,SciFact,mteb/scifact,cf10ab6856b15b0e670ef8ae5dae4e266c12d035,test,1280,pca,mrr_at_10,0.05281746031746032,42,exact-cosine-linear-ndcg-v2,300,Gemma3-4B/SciFact/results.json
Gemma3-4B,SciFact,mteb/scifact,cf10ab6856b15b0e670ef8ae5dae4e266c12d035,test,640,pca,ndcg_at_10,0.04247392590644335,42,exact-cosine-linear-ndcg-v2,300,Gemma3-4B/SciFact/results.json
Gemma3-4B,SciFact,mteb/scifact,cf10ab6856b15b0e670ef8ae5dae4e266c12d035,test,640,pca,recall_at_10,0.060833333333333336,42,exact-cosine-linear-ndcg-v2,300,Gemma3-4B/SciFact/results.json
Gemma3-4B,SciFact,mteb/scifact,cf10ab6856b15b0e670ef8ae5dae4e266c12d035,test,640,pca,recall_at_100,0.17116666666666666,42,exact-cosine-linear-ndcg-v2,300,Gemma3-4B/SciFact/results.json
Gemma3-4B,SciFact,mteb/scifact,cf10ab6856b15b0e670ef8ae5dae4e266c12d035,test,640,pca,mrr_at_10,0.04312037037037037,42,exact-cosine-linear-ndcg-v2,300,Gemma3-4B/SciFact/results.json
Gemma3-4B,SciFact,mteb/scifact,cf10ab6856b15b0e670ef8ae5dae4e266c12d035,test,320,pca,ndcg_at_10,0.02248562369053989,42,exact-cosine-linear-ndcg-v2,300,Gemma3-4B/SciFact/results.json
Gemma3-4B,SciFact,mteb/scifact,cf10ab6856b15b0e670ef8ae5dae4e266c12d035,test,320,pca,recall_at_10,0.0375,42,exact-cosine-linear-ndcg-v2,300,Gemma3-4B/SciFact/results.json
Gemma3-4B,SciFact,mteb/scifact,cf10ab6856b15b0e670ef8ae5dae4e266c12d035,test,320,pca,recall_at_100,0.15383333333333332,42,exact-cosine-linear-ndcg-v2,300,Gemma3-4B/SciFact/results.json
Gemma3-4B,SciFact,mteb/scifact,cf10ab6856b15b0e670ef8ae5dae4e266c12d035,test,320,pca,mrr_at_10,0.022416666666666665,42,exact-cosine-linear-ndcg-v2,300,Gemma3-4B/SciFact/results.json
Gemma3-4B,STSB,mteb/stsbenchmark-sts,96943a16ea6a35129e253c659081cb59daf81b30,validation,2560,native,cosine_spearman,0.5556569902263853,42,sts-validation-final-v2,1500,Gemma3-4B/STSB/results.json
Gemma3-4B,STSB,mteb/stsbenchmark-sts,96943a16ea6a35129e253c659081cb59daf81b30,validation,1280,pca,cosine_spearman,0.5931090569977232,42,sts-validation-final-v2,1500,Gemma3-4B/STSB/results.json
Gemma3-4B,STSB,mteb/stsbenchmark-sts,96943a16ea6a35129e253c659081cb59daf81b30,validation,640,pca,cosine_spearman,0.583277146298026,42,sts-validation-final-v2,1500,Gemma3-4B/STSB/results.json
Gemma3-4B,STSB,mteb/stsbenchmark-sts,96943a16ea6a35129e253c659081cb59daf81b30,validation,320,pca,cosine_spearman,0.5659000079713578,42,sts-validation-final-v2,1500,Gemma3-4B/STSB/results.json
Llama3.2-3B,Arxiv-Clustering,mteb/arxiv-clustering-s2s,47e9d883ac27f79246060596f0693e285cace2eb,test,3072,native,v_measure,0.22580638770764894,42,arxiv-s2s-per-set-minibatch-kmeans-v2,707723,Llama3.2-3B/Arxiv-Clustering/results.json
Llama3.2-3B,Arxiv-Clustering,mteb/arxiv-clustering-s2s,47e9d883ac27f79246060596f0693e285cace2eb,test,3072,native,adjusted_rand,0.07610414330892289,42,arxiv-s2s-per-set-minibatch-kmeans-v2,707723,Llama3.2-3B/Arxiv-Clustering/results.json
Llama3.2-3B,Arxiv-Clustering,mteb/arxiv-clustering-s2s,47e9d883ac27f79246060596f0693e285cace2eb,test,3072,native,nmi,0.22580638770764894,42,arxiv-s2s-per-set-minibatch-kmeans-v2,707723,Llama3.2-3B/Arxiv-Clustering/results.json
Llama3.2-3B,Arxiv-Clustering,mteb/arxiv-clustering-s2s,47e9d883ac27f79246060596f0693e285cace2eb,test,1536,pca,v_measure,0.1830129820123019,42,arxiv-s2s-per-set-minibatch-kmeans-v2,707723,Llama3.2-3B/Arxiv-Clustering/results.json
Llama3.2-3B,Arxiv-Clustering,mteb/arxiv-clustering-s2s,47e9d883ac27f79246060596f0693e285cace2eb,test,1536,pca,adjusted_rand,0.05072300709167292,42,arxiv-s2s-per-set-minibatch-kmeans-v2,707723,Llama3.2-3B/Arxiv-Clustering/results.json
Llama3.2-3B,Arxiv-Clustering,mteb/arxiv-clustering-s2s,47e9d883ac27f79246060596f0693e285cace2eb,test,1536,pca,nmi,0.1830129820123019,42,arxiv-s2s-per-set-minibatch-kmeans-v2,707723,Llama3.2-3B/Arxiv-Clustering/results.json
Llama3.2-3B,Arxiv-Clustering,mteb/arxiv-clustering-s2s,47e9d883ac27f79246060596f0693e285cace2eb,test,768,pca,v_measure,0.15237938928182387,42,arxiv-s2s-per-set-minibatch-kmeans-v2,707723,Llama3.2-3B/Arxiv-Clustering/results.json
Llama3.2-3B,Arxiv-Clustering,mteb/arxiv-clustering-s2s,47e9d883ac27f79246060596f0693e285cace2eb,test,768,pca,adjusted_rand,0.03819019420653953,42,arxiv-s2s-per-set-minibatch-kmeans-v2,707723,Llama3.2-3B/Arxiv-Clustering/results.json
Llama3.2-3B,Arxiv-Clustering,mteb/arxiv-clustering-s2s,47e9d883ac27f79246060596f0693e285cace2eb,test,768,pca,nmi,0.15237938928182387,42,arxiv-s2s-per-set-minibatch-kmeans-v2,707723,Llama3.2-3B/Arxiv-Clustering/results.json
Llama3.2-3B,Arxiv-Clustering,mteb/arxiv-clustering-s2s,47e9d883ac27f79246060596f0693e285cace2eb,test,384,pca,v_measure,0.12864270197590855,42,arxiv-s2s-per-set-minibatch-kmeans-v2,707723,Llama3.2-3B/Arxiv-Clustering/results.json
Llama3.2-3B,Arxiv-Clustering,mteb/arxiv-clustering-s2s,47e9d883ac27f79246060596f0693e285cace2eb,test,384,pca,adjusted_rand,0.028711641299496948,42,arxiv-s2s-per-set-minibatch-kmeans-v2,707723,Llama3.2-3B/Arxiv-Clustering/results.json
Llama3.2-3B,Arxiv-Clustering,mteb/arxiv-clustering-s2s,47e9d883ac27f79246060596f0693e285cace2eb,test,384,pca,nmi,0.12864270197590855,42,arxiv-s2s-per-set-minibatch-kmeans-v2,707723,Llama3.2-3B/Arxiv-Clustering/results.json
Llama3.2-3B,Banking77,PolyAI/banking77,0b62e79500b84f0fff5a36a4404028f48fbc8621,test,3072,native,accuracy,0.7912337662337663,42,banking77-official-train-test-logistic-v2,3080,Llama3.2-3B/Banking77/results.json
Llama3.2-3B,Banking77,PolyAI/banking77,0b62e79500b84f0fff5a36a4404028f48fbc8621,test,3072,native,macro_f1,0.7851604115565256,42,banking77-official-train-test-logistic-v2,3080,Llama3.2-3B/Banking77/results.json
Llama3.2-3B,Banking77,PolyAI/banking77,0b62e79500b84f0fff5a36a4404028f48fbc8621,test,1536,pca,accuracy,0.825974025974026,42,banking77-official-train-test-logistic-v2,3080,Llama3.2-3B/Banking77/results.json
Llama3.2-3B,Banking77,PolyAI/banking77,0b62e79500b84f0fff5a36a4404028f48fbc8621,test,1536,pca,macro_f1,0.823923105113497,42,banking77-official-train-test-logistic-v2,3080,Llama3.2-3B/Banking77/results.json
Llama3.2-3B,Banking77,PolyAI/banking77,0b62e79500b84f0fff5a36a4404028f48fbc8621,test,768,pca,accuracy,0.8172077922077922,42,banking77-official-train-test-logistic-v2,3080,Llama3.2-3B/Banking77/results.json
Llama3.2-3B,Banking77,PolyAI/banking77,0b62e79500b84f0fff5a36a4404028f48fbc8621,test,768,pca,macro_f1,0.8148750089474079,42,banking77-official-train-test-logistic-v2,3080,Llama3.2-3B/Banking77/results.json
Llama3.2-3B,Banking77,PolyAI/banking77,0b62e79500b84f0fff5a36a4404028f48fbc8621,test,384,pca,accuracy,0.8081168831168831,42,banking77-official-train-test-logistic-v2,3080,Llama3.2-3B/Banking77/results.json
Llama3.2-3B,Banking77,PolyAI/banking77,0b62e79500b84f0fff5a36a4404028f48fbc8621,test,384,pca,macro_f1,0.8054547910961043,42,banking77-official-train-test-logistic-v2,3080,Llama3.2-3B/Banking77/results.json
Llama3.2-3B,SciFact,mteb/scifact,cf10ab6856b15b0e670ef8ae5dae4e266c12d035,test,3072,native,ndcg_at_10,0.04522034930399857,42,exact-cosine-linear-ndcg-v2,300,Llama3.2-3B/SciFact/results.json
Llama3.2-3B,SciFact,mteb/scifact,cf10ab6856b15b0e670ef8ae5dae4e266c12d035,test,3072,native,recall_at_10,0.07733333333333334,42,exact-cosine-linear-ndcg-v2,300,Llama3.2-3B/SciFact/results.json
Llama3.2-3B,SciFact,mteb/scifact,cf10ab6856b15b0e670ef8ae5dae4e266c12d035,test,3072,native,recall_at_100,0.16422222222222221,42,exact-cosine-linear-ndcg-v2,300,Llama3.2-3B/SciFact/results.json
Llama3.2-3B,SciFact,mteb/scifact,cf10ab6856b15b0e670ef8ae5dae4e266c12d035,test,3072,native,mrr_at_10,0.03671164021164021,42,exact-cosine-linear-ndcg-v2,300,Llama3.2-3B/SciFact/results.json
Llama3.2-3B,SciFact,mteb/scifact,cf10ab6856b15b0e670ef8ae5dae4e266c12d035,test,1536,pca,ndcg_at_10,0.04578684936708278,42,exact-cosine-linear-ndcg-v2,300,Llama3.2-3B/SciFact/results.json
Llama3.2-3B,SciFact,mteb/scifact,cf10ab6856b15b0e670ef8ae5dae4e266c12d035,test,1536,pca,recall_at_10,0.08066666666666666,42,exact-cosine-linear-ndcg-v2,300,Llama3.2-3B/SciFact/results.json
Llama3.2-3B,SciFact,mteb/scifact,cf10ab6856b15b0e670ef8ae5dae4e266c12d035,test,1536,pca,recall_at_100,0.16155555555555556,42,exact-cosine-linear-ndcg-v2,300,Llama3.2-3B/SciFact/results.json
Llama3.2-3B,SciFact,mteb/scifact,cf10ab6856b15b0e670ef8ae5dae4e266c12d035,test,1536,pca,mrr_at_10,0.038582010582010585,42,exact-cosine-linear-ndcg-v2,300,Llama3.2-3B/SciFact/results.json
Llama3.2-3B,SciFact,mteb/scifact,cf10ab6856b15b0e670ef8ae5dae4e266c12d035,test,768,pca,ndcg_at_10,0.02032085377328541,42,exact-cosine-linear-ndcg-v2,300,Llama3.2-3B/SciFact/results.json
Llama3.2-3B,SciFact,mteb/scifact,cf10ab6856b15b0e670ef8ae5dae4e266c12d035,test,768,pca,recall_at_10,0.042333333333333334,42,exact-cosine-linear-ndcg-v2,300,Llama3.2-3B/SciFact/results.json
Llama3.2-3B,SciFact,mteb/scifact,cf10ab6856b15b0e670ef8ae5dae4e266c12d035,test,768,pca,recall_at_100,0.12199999999999998,42,exact-cosine-linear-ndcg-v2,300,Llama3.2-3B/SciFact/results.json
Llama3.2-3B,SciFact,mteb/scifact,cf10ab6856b15b0e670ef8ae5dae4e266c12d035,test,768,pca,mrr_at_10,0.015648148148148147,42,exact-cosine-linear-ndcg-v2,300,Llama3.2-3B/SciFact/results.json
Llama3.2-3B,SciFact,mteb/scifact,cf10ab6856b15b0e670ef8ae5dae4e266c12d035,test,384,pca,ndcg_at_10,0.004518587996892232,42,exact-cosine-linear-ndcg-v2,300,Llama3.2-3B/SciFact/results.json
Llama3.2-3B,SciFact,mteb/scifact,cf10ab6856b15b0e670ef8ae5dae4e266c12d035,test,384,pca,recall_at_10,0.0115,42,exact-cosine-linear-ndcg-v2,300,Llama3.2-3B/SciFact/results.json
Llama3.2-3B,SciFact,mteb/scifact,cf10ab6856b15b0e670ef8ae5dae4e266c12d035,test,384,pca,recall_at_100,0.07966666666666666,42,exact-cosine-linear-ndcg-v2,300,Llama3.2-3B/SciFact/results.json
Llama3.2-3B,SciFact,mteb/scifact,cf10ab6856b15b0e670ef8ae5dae4e266c12d035,test,384,pca,mrr_at_10,0.0037354497354497355,42,exact-cosine-linear-ndcg-v2,300,Llama3.2-3B/SciFact/results.json
Llama3.2-3B,STSB,mteb/stsbenchmark-sts,96943a16ea6a35129e253c659081cb59daf81b30,validation,3072,native,cosine_spearman,0.5406037276494655,42,sts-validation-final-v2,1500,Llama3.2-3B/STSB/results.json
Llama3.2-3B,STSB,mteb/stsbenchmark-sts,96943a16ea6a35129e253c659081cb59daf81b30,validation,1536,pca,cosine_spearman,0.6041789489788109,42,sts-validation-final-v2,1500,Llama3.2-3B/STSB/results.json
Llama3.2-3B,STSB,mteb/stsbenchmark-sts,96943a16ea6a35129e253c659081cb59daf81b30,validation,768,pca,cosine_spearman,0.5938659667727438,42,sts-validation-final-v2,1500,Llama3.2-3B/STSB/results.json
Llama3.2-3B,STSB,mteb/stsbenchmark-sts,96943a16ea6a35129e253c659081cb59daf81b30,validation,384,pca,cosine_spearman,0.5741412503135314,42,sts-validation-final-v2,1500,Llama3.2-3B/STSB/results.json
Mistral-7B,Arxiv-Clustering,mteb/arxiv-clustering-s2s,47e9d883ac27f79246060596f0693e285cace2eb,test,4096,native,v_measure,0.25197334764542856,42,arxiv-s2s-per-set-minibatch-kmeans-v2,707723,Mistral-7B/Arxiv-Clustering/results.json
Mistral-7B,Arxiv-Clustering,mteb/arxiv-clustering-s2s,47e9d883ac27f79246060596f0693e285cace2eb,test,4096,native,adjusted_rand,0.09582508749855827,42,arxiv-s2s-per-set-minibatch-kmeans-v2,707723,Mistral-7B/Arxiv-Clustering/results.json
Mistral-7B,Arxiv-Clustering,mteb/arxiv-clustering-s2s,47e9d883ac27f79246060596f0693e285cace2eb,test,4096,native,nmi,0.2519733476454286,42,arxiv-s2s-per-set-minibatch-kmeans-v2,707723,Mistral-7B/Arxiv-Clustering/results.json
Mistral-7B,Arxiv-Clustering,mteb/arxiv-clustering-s2s,47e9d883ac27f79246060596f0693e285cace2eb,test,2048,pca,v_measure,0.22233558000436549,42,arxiv-s2s-per-set-minibatch-kmeans-v2,707723,Mistral-7B/Arxiv-Clustering/results.json
Mistral-7B,Arxiv-Clustering,mteb/arxiv-clustering-s2s,47e9d883ac27f79246060596f0693e285cace2eb,test,2048,pca,adjusted_rand,0.08035420102655608,42,arxiv-s2s-per-set-minibatch-kmeans-v2,707723,Mistral-7B/Arxiv-Clustering/results.json
Mistral-7B,Arxiv-Clustering,mteb/arxiv-clustering-s2s,47e9d883ac27f79246060596f0693e285cace2eb,test,2048,pca,nmi,0.22233558000436549,42,arxiv-s2s-per-set-minibatch-kmeans-v2,707723,Mistral-7B/Arxiv-Clustering/results.json
Mistral-7B,Arxiv-Clustering,mteb/arxiv-clustering-s2s,47e9d883ac27f79246060596f0693e285cace2eb,test,1024,pca,v_measure,0.19659673955054371,42,arxiv-s2s-per-set-minibatch-kmeans-v2,707723,Mistral-7B/Arxiv-Clustering/results.json
Mistral-7B,Arxiv-Clustering,mteb/arxiv-clustering-s2s,47e9d883ac27f79246060596f0693e285cace2eb,test,1024,pca,adjusted_rand,0.06909565809087455,42,arxiv-s2s-per-set-minibatch-kmeans-v2,707723,Mistral-7B/Arxiv-Clustering/results.json
Mistral-7B,Arxiv-Clustering,mteb/arxiv-clustering-s2s,47e9d883ac27f79246060596f0693e285cace2eb,test,1024,pca,nmi,0.19659673955054371,42,arxiv-s2s-per-set-minibatch-kmeans-v2,707723,Mistral-7B/Arxiv-Clustering/results.json
Mistral-7B,Arxiv-Clustering,mteb/arxiv-clustering-s2s,47e9d883ac27f79246060596f0693e285cace2eb,test,512,pca,v_measure,0.17389735908681309,42,arxiv-s2s-per-set-minibatch-kmeans-v2,707723,Mistral-7B/Arxiv-Clustering/results.json
Mistral-7B,Arxiv-Clustering,mteb/arxiv-clustering-s2s,47e9d883ac27f79246060596f0693e285cace2eb,test,512,pca,adjusted_rand,0.05565587137877378,42,arxiv-s2s-per-set-minibatch-kmeans-v2,707723,Mistral-7B/Arxiv-Clustering/results.json
Mistral-7B,Arxiv-Clustering,mteb/arxiv-clustering-s2s,47e9d883ac27f79246060596f0693e285cace2eb,test,512,pca,nmi,0.17389735908681309,42,arxiv-s2s-per-set-minibatch-kmeans-v2,707723,Mistral-7B/Arxiv-Clustering/results.json
Mistral-7B,Banking77,PolyAI/banking77,0b62e79500b84f0fff5a36a4404028f48fbc8621,test,4096,native,accuracy,0.7496753246753247,42,banking77-official-train-test-logistic-v2,3080,Mistral-7B/Banking77/results.json
Mistral-7B,Banking77,PolyAI/banking77,0b62e79500b84f0fff5a36a4404028f48fbc8621,test,4096,native,macro_f1,0.7362210032305407,42,banking77-official-train-test-logistic-v2,3080,Mistral-7B/Banking77/results.json
Mistral-7B,Banking77,PolyAI/banking77,0b62e79500b84f0fff5a36a4404028f48fbc8621,test,2048,pca,accuracy,0.8136363636363636,42,banking77-official-train-test-logistic-v2,3080,Mistral-7B/Banking77/results.json
Mistral-7B,Banking77,PolyAI/banking77,0b62e79500b84f0fff5a36a4404028f48fbc8621,test,2048,pca,macro_f1,0.8099339096111455,42,banking77-official-train-test-logistic-v2,3080,Mistral-7B/Banking77/results.json
Mistral-7B,Banking77,PolyAI/banking77,0b62e79500b84f0fff5a36a4404028f48fbc8621,test,1024,pca,accuracy,0.8074675324675324,42,banking77-official-train-test-logistic-v2,3080,Mistral-7B/Banking77/results.json
Mistral-7B,Banking77,PolyAI/banking77,0b62e79500b84f0fff5a36a4404028f48fbc8621,test,1024,pca,macro_f1,0.8034055466951362,42,banking77-official-train-test-logistic-v2,3080,Mistral-7B/Banking77/results.json
Mistral-7B,Banking77,PolyAI/banking77,0b62e79500b84f0fff5a36a4404028f48fbc8621,test,512,pca,accuracy,0.7951298701298701,42,banking77-official-train-test-logistic-v2,3080,Mistral-7B/Banking77/results.json
Mistral-7B,Banking77,PolyAI/banking77,0b62e79500b84f0fff5a36a4404028f48fbc8621,test,512,pca,macro_f1,0.7897991978123101,42,banking77-official-train-test-logistic-v2,3080,Mistral-7B/Banking77/results.json
Mistral-7B,SciFact,mteb/scifact,cf10ab6856b15b0e670ef8ae5dae4e266c12d035,test,4096,native,ndcg_at_10,0.014073883194648286,42,exact-cosine-linear-ndcg-v2,300,Mistral-7B/SciFact/results.json
Mistral-7B,SciFact,mteb/scifact,cf10ab6856b15b0e670ef8ae5dae4e266c12d035,test,4096,native,recall_at_10,0.018333333333333333,42,exact-cosine-linear-ndcg-v2,300,Mistral-7B/SciFact/results.json
Mistral-7B,SciFact,mteb/scifact,cf10ab6856b15b0e670ef8ae5dae4e266c12d035,test,4096,native,recall_at_100,0.07111111111111111,42,exact-cosine-linear-ndcg-v2,300,Mistral-7B/SciFact/results.json
Mistral-7B,SciFact,mteb/scifact,cf10ab6856b15b0e670ef8ae5dae4e266c12d035,test,4096,native,mrr_at_10,0.01280952380952381,42,exact-cosine-linear-ndcg-v2,300,Mistral-7B/SciFact/results.json
Mistral-7B,SciFact,mteb/scifact,cf10ab6856b15b0e670ef8ae5dae4e266c12d035,test,2048,pca,ndcg_at_10,0.016005180186304483,42,exact-cosine-linear-ndcg-v2,300,Mistral-7B/SciFact/results.json
Mistral-7B,SciFact,mteb/scifact,cf10ab6856b15b0e670ef8ae5dae4e266c12d035,test,2048,pca,recall_at_10,0.02666666666666667,42,exact-cosine-linear-ndcg-v2,300,Mistral-7B/SciFact/results.json
Mistral-7B,SciFact,mteb/scifact,cf10ab6856b15b0e670ef8ae5dae4e266c12d035,test,2048,pca,recall_at_100,0.08777777777777777,42,exact-cosine-linear-ndcg-v2,300,Mistral-7B/SciFact/results.json
Mistral-7B,SciFact,mteb/scifact,cf10ab6856b15b0e670ef8ae5dae4e266c12d035,test,2048,pca,mrr_at_10,0.012896825396825396,42,exact-cosine-linear-ndcg-v2,300,Mistral-7B/SciFact/results.json
Mistral-7B,SciFact,mteb/scifact,cf10ab6856b15b0e670ef8ae5dae4e266c12d035,test,1024,pca,ndcg_at_10,0.013862800594394145,42,exact-cosine-linear-ndcg-v2,300,Mistral-7B/SciFact/results.json
Mistral-7B,SciFact,mteb/scifact,cf10ab6856b15b0e670ef8ae5dae4e266c12d035,test,1024,pca,recall_at_10,0.021666666666666667,42,exact-cosine-linear-ndcg-v2,300,Mistral-7B/SciFact/results.json
Mistral-7B,SciFact,mteb/scifact,cf10ab6856b15b0e670ef8ae5dae4e266c12d035,test,1024,pca,recall_at_100,0.06444444444444444,42,exact-cosine-linear-ndcg-v2,300,Mistral-7B/SciFact/results.json
Mistral-7B,SciFact,mteb/scifact,cf10ab6856b15b0e670ef8ae5dae4e266c12d035,test,1024,pca,mrr_at_10,0.0115,42,exact-cosine-linear-ndcg-v2,300,Mistral-7B/SciFact/results.json
Mistral-7B,SciFact,mteb/scifact,cf10ab6856b15b0e670ef8ae5dae4e266c12d035,test,512,pca,ndcg_at_10,0.010908298125416549,42,exact-cosine-linear-ndcg-v2,300,Mistral-7B/SciFact/results.json
Mistral-7B,SciFact,mteb/scifact,cf10ab6856b15b0e670ef8ae5dae4e266c12d035,test,512,pca,recall_at_10,0.018333333333333333,42,exact-cosine-linear-ndcg-v2,300,Mistral-7B/SciFact/results.json
Mistral-7B,SciFact,mteb/scifact,cf10ab6856b15b0e670ef8ae5dae4e266c12d035,test,512,pca,recall_at_100,0.04777777777777777,42,exact-cosine-linear-ndcg-v2,300,Mistral-7B/SciFact/results.json
Mistral-7B,SciFact,mteb/scifact,cf10ab6856b15b0e670ef8ae5dae4e266c12d035,test,512,pca,mrr_at_10,0.008796296296296297,42,exact-cosine-linear-ndcg-v2,300,Mistral-7B/SciFact/results.json
Mistral-7B,STSB,mteb/stsbenchmark-sts,96943a16ea6a35129e253c659081cb59daf81b30,validation,4096,native,cosine_spearman,0.4383971846048602,42,sts-validation-final-v2,1500,Mistral-7B/STSB/results.json
Mistral-7B,STSB,mteb/stsbenchmark-sts,96943a16ea6a35129e253c659081cb59daf81b30,validation,2048,pca,cosine_spearman,0.49920545482729706,42,sts-validation-final-v2,1500,Mistral-7B/STSB/results.json
Mistral-7B,STSB,mteb/stsbenchmark-sts,96943a16ea6a35129e253c659081cb59daf81b30,validation,1024,pca,cosine_spearman,0.48641039261650515,42,sts-validation-final-v2,1500,Mistral-7B/STSB/results.json
Mistral-7B,STSB,mteb/stsbenchmark-sts,96943a16ea6a35129e253c659081cb59daf81b30,validation,512,pca,cosine_spearman,0.4681518159591271,42,sts-validation-final-v2,1500,Mistral-7B/STSB/results.json
Phi4-mini,Arxiv-Clustering,mteb/arxiv-clustering-s2s,47e9d883ac27f79246060596f0693e285cace2eb,test,3072,native,v_measure,0.1510579660473465,42,arxiv-s2s-per-set-minibatch-kmeans-v2,707723,Phi4-mini/Arxiv-Clustering/results.json
Phi4-mini,Arxiv-Clustering,mteb/arxiv-clustering-s2s,47e9d883ac27f79246060596f0693e285cace2eb,test,3072,native,adjusted_rand,0.03977802920370218,42,arxiv-s2s-per-set-minibatch-kmeans-v2,707723,Phi4-mini/Arxiv-Clustering/results.json
Phi4-mini,Arxiv-Clustering,mteb/arxiv-clustering-s2s,47e9d883ac27f79246060596f0693e285cace2eb,test,3072,native,nmi,0.1510579660473465,42,arxiv-s2s-per-set-minibatch-kmeans-v2,707723,Phi4-mini/Arxiv-Clustering/results.json
Phi4-mini,Arxiv-Clustering,mteb/arxiv-clustering-s2s,47e9d883ac27f79246060596f0693e285cace2eb,test,1536,pca,v_measure,0.1288701528936202,42,arxiv-s2s-per-set-minibatch-kmeans-v2,707723,Phi4-mini/Arxiv-Clustering/results.json
Phi4-mini,Arxiv-Clustering,mteb/arxiv-clustering-s2s,47e9d883ac27f79246060596f0693e285cace2eb,test,1536,pca,adjusted_rand,0.029082672570300474,42,arxiv-s2s-per-set-minibatch-kmeans-v2,707723,Phi4-mini/Arxiv-Clustering/results.json
Phi4-mini,Arxiv-Clustering,mteb/arxiv-clustering-s2s,47e9d883ac27f79246060596f0693e285cace2eb,test,1536,pca,nmi,0.1288701528936202,42,arxiv-s2s-per-set-minibatch-kmeans-v2,707723,Phi4-mini/Arxiv-Clustering/results.json
Phi4-mini,Arxiv-Clustering,mteb/arxiv-clustering-s2s,47e9d883ac27f79246060596f0693e285cace2eb,test,768,pca,v_measure,0.10928802739670442,42,arxiv-s2s-per-set-minibatch-kmeans-v2,707723,Phi4-mini/Arxiv-Clustering/results.json
Phi4-mini,Arxiv-Clustering,mteb/arxiv-clustering-s2s,47e9d883ac27f79246060596f0693e285cace2eb,test,768,pca,adjusted_rand,0.020476880398244645,42,arxiv-s2s-per-set-minibatch-kmeans-v2,707723,Phi4-mini/Arxiv-Clustering/results.json
Phi4-mini,Arxiv-Clustering,mteb/arxiv-clustering-s2s,47e9d883ac27f79246060596f0693e285cace2eb,test,768,pca,nmi,0.10928802739670442,42,arxiv-s2s-per-set-minibatch-kmeans-v2,707723,Phi4-mini/Arxiv-Clustering/results.json
Phi4-mini,Arxiv-Clustering,mteb/arxiv-clustering-s2s,47e9d883ac27f79246060596f0693e285cace2eb,test,384,pca,v_measure,0.09636799876486538,42,arxiv-s2s-per-set-minibatch-kmeans-v2,707723,Phi4-mini/Arxiv-Clustering/results.json
Phi4-mini,Arxiv-Clustering,mteb/arxiv-clustering-s2s,47e9d883ac27f79246060596f0693e285cace2eb,test,384,pca,adjusted_rand,0.01819335472652344,42,arxiv-s2s-per-set-minibatch-kmeans-v2,707723,Phi4-mini/Arxiv-Clustering/results.json
Phi4-mini,Arxiv-Clustering,mteb/arxiv-clustering-s2s,47e9d883ac27f79246060596f0693e285cace2eb,test,384,pca,nmi,0.09636799876486538,42,arxiv-s2s-per-set-minibatch-kmeans-v2,707723,Phi4-mini/Arxiv-Clustering/results.json
Phi4-mini,Banking77,PolyAI/banking77,0b62e79500b84f0fff5a36a4404028f48fbc8621,test,3072,native,accuracy,0.47954545454545455,42,banking77-official-train-test-logistic-v2,3080,Phi4-mini/Banking77/results.json
Phi4-mini,Banking77,PolyAI/banking77,0b62e79500b84f0fff5a36a4404028f48fbc8621,test,3072,native,macro_f1,0.4520862602302734,42,banking77-official-train-test-logistic-v2,3080,Phi4-mini/Banking77/results.json
Phi4-mini,Banking77,PolyAI/banking77,0b62e79500b84f0fff5a36a4404028f48fbc8621,test,1536,pca,accuracy,0.7295454545454545,42,banking77-official-train-test-logistic-v2,3080,Phi4-mini/Banking77/results.json
Phi4-mini,Banking77,PolyAI/banking77,0b62e79500b84f0fff5a36a4404028f48fbc8621,test,1536,pca,macro_f1,0.7207601361193946,42,banking77-official-train-test-logistic-v2,3080,Phi4-mini/Banking77/results.json
Phi4-mini,Banking77,PolyAI/banking77,0b62e79500b84f0fff5a36a4404028f48fbc8621,test,768,pca,accuracy,0.714935064935065,42,banking77-official-train-test-logistic-v2,3080,Phi4-mini/Banking77/results.json
Phi4-mini,Banking77,PolyAI/banking77,0b62e79500b84f0fff5a36a4404028f48fbc8621,test,768,pca,macro_f1,0.705057105780194,42,banking77-official-train-test-logistic-v2,3080,Phi4-mini/Banking77/results.json
Phi4-mini,Banking77,PolyAI/banking77,0b62e79500b84f0fff5a36a4404028f48fbc8621,test,384,pca,accuracy,0.6931818181818182,42,banking77-official-train-test-logistic-v2,3080,Phi4-mini/Banking77/results.json
Phi4-mini,Banking77,PolyAI/banking77,0b62e79500b84f0fff5a36a4404028f48fbc8621,test,384,pca,macro_f1,0.6824307801717159,42,banking77-official-train-test-logistic-v2,3080,Phi4-mini/Banking77/results.json
Phi4-mini,SciFact,mteb/scifact,cf10ab6856b15b0e670ef8ae5dae4e266c12d035,test,3072,native,ndcg_at_10,0.01618770722864699,42,exact-cosine-linear-ndcg-v2,300,Phi4-mini/SciFact/results.json
Phi4-mini,SciFact,mteb/scifact,cf10ab6856b15b0e670ef8ae5dae4e266c12d035,test,3072,native,recall_at_10,0.02666666666666667,42,exact-cosine-linear-ndcg-v2,300,Phi4-mini/SciFact/results.json
Phi4-mini,SciFact,mteb/scifact,cf10ab6856b15b0e670ef8ae5dae4e266c12d035,test,3072,native,recall_at_100,0.08744444444444445,42,exact-cosine-linear-ndcg-v2,300,Phi4-mini/SciFact/results.json
Phi4-mini,SciFact,mteb/scifact,cf10ab6856b15b0e670ef8ae5dae4e266c12d035,test,3072,native,mrr_at_10,0.013337301587301589,42,exact-cosine-linear-ndcg-v2,300,Phi4-mini/SciFact/results.json
Phi4-mini,SciFact,mteb/scifact,cf10ab6856b15b0e670ef8ae5dae4e266c12d035,test,1536,pca,ndcg_at_10,0.02553067073597445,42,exact-cosine-linear-ndcg-v2,300,Phi4-mini/SciFact/results.json
Phi4-mini,SciFact,mteb/scifact,cf10ab6856b15b0e670ef8ae5dae4e266c12d035,test,1536,pca,recall_at_10,0.03611111111111111,42,exact-cosine-linear-ndcg-v2,300,Phi4-mini/SciFact/results.json
Phi4-mini,SciFact,mteb/scifact,cf10ab6856b15b0e670ef8ae5dae4e266c12d035,test,1536,pca,recall_at_100,0.11511111111111111,42,exact-cosine-linear-ndcg-v2,300,Phi4-mini/SciFact/results.json
Phi4-mini,SciFact,mteb/scifact,cf10ab6856b15b0e670ef8ae5dae4e266c12d035,test,1536,pca,mrr_at_10,0.02325925925925926,42,exact-cosine-linear-ndcg-v2,300,Phi4-mini/SciFact/results.json
Phi4-mini,SciFact,mteb/scifact,cf10ab6856b15b0e670ef8ae5dae4e266c12d035,test,768,pca,ndcg_at_10,0.017988036381672047,42,exact-cosine-linear-ndcg-v2,300,Phi4-mini/SciFact/results.json
Phi4-mini,SciFact,mteb/scifact,cf10ab6856b15b0e670ef8ae5dae4e266c12d035,test,768,pca,recall_at_10,0.027777777777777773,42,exact-cosine-linear-ndcg-v2,300,Phi4-mini/SciFact/results.json
Phi4-mini,SciFact,mteb/scifact,cf10ab6856b15b0e670ef8ae5dae4e266c12d035,test,768,pca,recall_at_100,0.07344444444444444,42,exact-cosine-linear-ndcg-v2,300,Phi4-mini/SciFact/results.json
Phi4-mini,SciFact,mteb/scifact,cf10ab6856b15b0e670ef8ae5dae4e266c12d035,test,768,pca,mrr_at_10,0.015337301587301587,42,exact-cosine-linear-ndcg-v2,300,Phi4-mini/SciFact/results.json
Phi4-mini,SciFact,mteb/scifact,cf10ab6856b15b0e670ef8ae5dae4e266c12d035,test,384,pca,ndcg_at_10,0.007292942676328409,42,exact-cosine-linear-ndcg-v2,300,Phi4-mini/SciFact/results.json
Phi4-mini,SciFact,mteb/scifact,cf10ab6856b15b0e670ef8ae5dae4e266c12d035,test,384,pca,recall_at_10,0.013333333333333334,42,exact-cosine-linear-ndcg-v2,300,Phi4-mini/SciFact/results.json
Phi4-mini,SciFact,mteb/scifact,cf10ab6856b15b0e670ef8ae5dae4e266c12d035,test,384,pca,recall_at_100,0.05261111111111111,42,exact-cosine-linear-ndcg-v2,300,Phi4-mini/SciFact/results.json
Phi4-mini,SciFact,mteb/scifact,cf10ab6856b15b0e670ef8ae5dae4e266c12d035,test,384,pca,mrr_at_10,0.005481481481481481,42,exact-cosine-linear-ndcg-v2,300,Phi4-mini/SciFact/results.json
Phi4-mini,STSB,mteb/stsbenchmark-sts,96943a16ea6a35129e253c659081cb59daf81b30,validation,3072,native,cosine_spearman,0.33230536100007413,42,sts-validation-final-v2,1500,Phi4-mini/STSB/results.json
Phi4-mini,STSB,mteb/stsbenchmark-sts,96943a16ea6a35129e253c659081cb59daf81b30,validation,1536,pca,cosine_spearman,0.36062150331714693,42,sts-validation-final-v2,1500,Phi4-mini/STSB/results.json
Phi4-mini,STSB,mteb/stsbenchmark-sts,96943a16ea6a35129e253c659081cb59daf81b30,validation,768,pca,cosine_spearman,0.3484105856375933,42,sts-validation-final-v2,1500,Phi4-mini/STSB/results.json
Phi4-mini,STSB,mteb/stsbenchmark-sts,96943a16ea6a35129e253c659081cb59daf81b30,validation,384,pca,cosine_spearman,0.3345557006313494,42,sts-validation-final-v2,1500,Phi4-mini/STSB/results.json
Qwen3-8B,Arxiv-Clustering,mteb/arxiv-clustering-s2s,47e9d883ac27f79246060596f0693e285cace2eb,test,4096,native,v_measure,0.22999758619587343,42,arxiv-s2s-per-set-minibatch-kmeans-v2,707723,Qwen3-8B/Arxiv-Clustering/results.json
Qwen3-8B,Arxiv-Clustering,mteb/arxiv-clustering-s2s,47e9d883ac27f79246060596f0693e285cace2eb,test,4096,native,adjusted_rand,0.08167974442159451,42,arxiv-s2s-per-set-minibatch-kmeans-v2,707723,Qwen3-8B/Arxiv-Clustering/results.json
Qwen3-8B,Arxiv-Clustering,mteb/arxiv-clustering-s2s,47e9d883ac27f79246060596f0693e285cace2eb,test,4096,native,nmi,0.22999758619587343,42,arxiv-s2s-per-set-minibatch-kmeans-v2,707723,Qwen3-8B/Arxiv-Clustering/results.json
Qwen3-8B,Arxiv-Clustering,mteb/arxiv-clustering-s2s,47e9d883ac27f79246060596f0693e285cace2eb,test,2048,pca,v_measure,0.21229448349928223,42,arxiv-s2s-per-set-minibatch-kmeans-v2,707723,Qwen3-8B/Arxiv-Clustering/results.json
Qwen3-8B,Arxiv-Clustering,mteb/arxiv-clustering-s2s,47e9d883ac27f79246060596f0693e285cace2eb,test,2048,pca,adjusted_rand,0.0693405559343004,42,arxiv-s2s-per-set-minibatch-kmeans-v2,707723,Qwen3-8B/Arxiv-Clustering/results.json
Qwen3-8B,Arxiv-Clustering,mteb/arxiv-clustering-s2s,47e9d883ac27f79246060596f0693e285cace2eb,test,2048,pca,nmi,0.21229448349928223,42,arxiv-s2s-per-set-minibatch-kmeans-v2,707723,Qwen3-8B/Arxiv-Clustering/results.json
Qwen3-8B,Arxiv-Clustering,mteb/arxiv-clustering-s2s,47e9d883ac27f79246060596f0693e285cace2eb,test,1024,pca,v_measure,0.18500285291654384,42,arxiv-s2s-per-set-minibatch-kmeans-v2,707723,Qwen3-8B/Arxiv-Clustering/results.json
Qwen3-8B,Arxiv-Clustering,mteb/arxiv-clustering-s2s,47e9d883ac27f79246060596f0693e285cace2eb,test,1024,pca,adjusted_rand,0.056712832155709256,42,arxiv-s2s-per-set-minibatch-kmeans-v2,707723,Qwen3-8B/Arxiv-Clustering/results.json
Qwen3-8B,Arxiv-Clustering,mteb/arxiv-clustering-s2s,47e9d883ac27f79246060596f0693e285cace2eb,test,1024,pca,nmi,0.18500285291654384,42,arxiv-s2s-per-set-minibatch-kmeans-v2,707723,Qwen3-8B/Arxiv-Clustering/results.json
Qwen3-8B,Arxiv-Clustering,mteb/arxiv-clustering-s2s,47e9d883ac27f79246060596f0693e285cace2eb,test,512,pca,v_measure,0.16288077160178396,42,arxiv-s2s-per-set-minibatch-kmeans-v2,707723,Qwen3-8B/Arxiv-Clustering/results.json
Qwen3-8B,Arxiv-Clustering,mteb/arxiv-clustering-s2s,47e9d883ac27f79246060596f0693e285cace2eb,test,512,pca,adjusted_rand,0.04754260869228077,42,arxiv-s2s-per-set-minibatch-kmeans-v2,707723,Qwen3-8B/Arxiv-Clustering/results.json
Qwen3-8B,Arxiv-Clustering,mteb/arxiv-clustering-s2s,47e9d883ac27f79246060596f0693e285cace2eb,test,512,pca,nmi,0.1628807716017839,42,arxiv-s2s-per-set-minibatch-kmeans-v2,707723,Qwen3-8B/Arxiv-Clustering/results.json
Qwen3-8B,Arxiv-Clustering,mteb/arxiv-clustering-s2s,47e9d883ac27f79246060596f0693e285cace2eb,test,256,pca,v_measure,0.14743846262260324,42,arxiv-s2s-per-set-minibatch-kmeans-v2,707723,Qwen3-8B/Arxiv-Clustering/results.json
Qwen3-8B,Arxiv-Clustering,mteb/arxiv-clustering-s2s,47e9d883ac27f79246060596f0693e285cace2eb,test,256,pca,adjusted_rand,0.04092623728948093,42,arxiv-s2s-per-set-minibatch-kmeans-v2,707723,Qwen3-8B/Arxiv-Clustering/results.json
Qwen3-8B,Arxiv-Clustering,mteb/arxiv-clustering-s2s,47e9d883ac27f79246060596f0693e285cace2eb,test,256,pca,nmi,0.14743846262260324,42,arxiv-s2s-per-set-minibatch-kmeans-v2,707723,Qwen3-8B/Arxiv-Clustering/results.json
Qwen3-8B,Banking77,PolyAI/banking77,0b62e79500b84f0fff5a36a4404028f48fbc8621,test,4096,native,accuracy,0.4577922077922078,42,banking77-official-train-test-logistic-v2,3080,Qwen3-8B/Banking77/results.json
Qwen3-8B,Banking77,PolyAI/banking77,0b62e79500b84f0fff5a36a4404028f48fbc8621,test,4096,native,macro_f1,0.4331507122728111,42,banking77-official-train-test-logistic-v2,3080,Qwen3-8B/Banking77/results.json
Qwen3-8B,Banking77,PolyAI/banking77,0b62e79500b84f0fff5a36a4404028f48fbc8621,test,2048,pca,accuracy,0.7717532467532467,42,banking77-official-train-test-logistic-v2,3080,Qwen3-8B/Banking77/results.json
Qwen3-8B,Banking77,PolyAI/banking77,0b62e79500b84f0fff5a36a4404028f48fbc8621,test,2048,pca,macro_f1,0.7635073792892353,42,banking77-official-train-test-logistic-v2,3080,Qwen3-8B/Banking77/results.json
Qwen3-8B,Banking77,PolyAI/banking77,0b62e79500b84f0fff5a36a4404028f48fbc8621,test,1024,pca,accuracy,0.763961038961039,42,banking77-official-train-test-logistic-v2,3080,Qwen3-8B/Banking77/results.json
Qwen3-8B,Banking77,PolyAI/banking77,0b62e79500b84f0fff5a36a4404028f48fbc8621,test,1024,pca,macro_f1,0.7553169932347974,42,banking77-official-train-test-logistic-v2,3080,Qwen3-8B/Banking77/results.json
Qwen3-8B,Banking77,PolyAI/banking77,0b62e79500b84f0fff5a36a4404028f48fbc8621,test,512,pca,accuracy,0.7532467532467533,42,banking77-official-train-test-logistic-v2,3080,Qwen3-8B/Banking77/results.json
Qwen3-8B,Banking77,PolyAI/banking77,0b62e79500b84f0fff5a36a4404028f48fbc8621,test,512,pca,macro_f1,0.7435432866180199,42,banking77-official-train-test-logistic-v2,3080,Qwen3-8B/Banking77/results.json
Qwen3-8B,Banking77,PolyAI/banking77,0b62e79500b84f0fff5a36a4404028f48fbc8621,test,256,pca,accuracy,0.7292207792207792,42,banking77-official-train-test-logistic-v2,3080,Qwen3-8B/Banking77/results.json
Qwen3-8B,Banking77,PolyAI/banking77,0b62e79500b84f0fff5a36a4404028f48fbc8621,test,256,pca,macro_f1,0.7189054179446787,42,banking77-official-train-test-logistic-v2,3080,Qwen3-8B/Banking77/results.json
Qwen3-8B,SciFact,mteb/scifact,cf10ab6856b15b0e670ef8ae5dae4e266c12d035,test,4096,native,ndcg_at_10,0.0223646252325652,42,exact-cosine-linear-ndcg-v2,300,Qwen3-8B/SciFact/results.json
Qwen3-8B,SciFact,mteb/scifact,cf10ab6856b15b0e670ef8ae5dae4e266c12d035,test,4096,native,recall_at_10,0.03666666666666667,42,exact-cosine-linear-ndcg-v2,300,Qwen3-8B/SciFact/results.json
Qwen3-8B,SciFact,mteb/scifact,cf10ab6856b15b0e670ef8ae5dae4e266c12d035,test,4096,native,recall_at_100,0.12666666666666668,42,exact-cosine-linear-ndcg-v2,300,Qwen3-8B/SciFact/results.json
Qwen3-8B,SciFact,mteb/scifact,cf10ab6856b15b0e670ef8ae5dae4e266c12d035,test,4096,native,mrr_at_10,0.018948412698412697,42,exact-cosine-linear-ndcg-v2,300,Qwen3-8B/SciFact/results.json
Qwen3-8B,SciFact,mteb/scifact,cf10ab6856b15b0e670ef8ae5dae4e266c12d035,test,2048,pca,ndcg_at_10,0.02199145890808181,42,exact-cosine-linear-ndcg-v2,300,Qwen3-8B/SciFact/results.json
Qwen3-8B,SciFact,mteb/scifact,cf10ab6856b15b0e670ef8ae5dae4e266c12d035,test,2048,pca,recall_at_10,0.04,42,exact-cosine-linear-ndcg-v2,300,Qwen3-8B/SciFact/results.json
Qwen3-8B,SciFact,mteb/scifact,cf10ab6856b15b0e670ef8ae5dae4e266c12d035,test,2048,pca,recall_at_100,0.135,42,exact-cosine-linear-ndcg-v2,300,Qwen3-8B/SciFact/results.json
Qwen3-8B,SciFact,mteb/scifact,cf10ab6856b15b0e670ef8ae5dae4e266c12d035,test,2048,pca,mrr_at_10,0.01753703703703704,42,exact-cosine-linear-ndcg-v2,300,Qwen3-8B/SciFact/results.json
Qwen3-8B,SciFact,mteb/scifact,cf10ab6856b15b0e670ef8ae5dae4e266c12d035,test,1024,pca,ndcg_at_10,0.014637952612364303,42,exact-cosine-linear-ndcg-v2,300,Qwen3-8B/SciFact/results.json
Qwen3-8B,SciFact,mteb/scifact,cf10ab6856b15b0e670ef8ae5dae4e266c12d035,test,1024,pca,recall_at_10,0.02666666666666667,42,exact-cosine-linear-ndcg-v2,300,Qwen3-8B/SciFact/results.json
Qwen3-8B,SciFact,mteb/scifact,cf10ab6856b15b0e670ef8ae5dae4e266c12d035,test,1024,pca,recall_at_100,0.12,42,exact-cosine-linear-ndcg-v2,300,Qwen3-8B/SciFact/results.json
Qwen3-8B,SciFact,mteb/scifact,cf10ab6856b15b0e670ef8ae5dae4e266c12d035,test,1024,pca,mrr_at_10,0.011642857142857142,42,exact-cosine-linear-ndcg-v2,300,Qwen3-8B/SciFact/results.json
Qwen3-8B,SciFact,mteb/scifact,cf10ab6856b15b0e670ef8ae5dae4e266c12d035,test,512,pca,ndcg_at_10,0.00927971723966932,42,exact-cosine-linear-ndcg-v2,300,Qwen3-8B/SciFact/results.json
Qwen3-8B,SciFact,mteb/scifact,cf10ab6856b15b0e670ef8ae5dae4e266c12d035,test,512,pca,recall_at_10,0.016666666666666666,42,exact-cosine-linear-ndcg-v2,300,Qwen3-8B/SciFact/results.json
Qwen3-8B,SciFact,mteb/scifact,cf10ab6856b15b0e670ef8ae5dae4e266c12d035,test,512,pca,recall_at_100,0.1,42,exact-cosine-linear-ndcg-v2,300,Qwen3-8B/SciFact/results.json
Qwen3-8B,SciFact,mteb/scifact,cf10ab6856b15b0e670ef8ae5dae4e266c12d035,test,512,pca,mrr_at_10,0.007750000000000001,42,exact-cosine-linear-ndcg-v2,300,Qwen3-8B/SciFact/results.json
Qwen3-8B,SciFact,mteb/scifact,cf10ab6856b15b0e670ef8ae5dae4e266c12d035,test,256,pca,ndcg_at_10,0.005311349666257729,42,exact-cosine-linear-ndcg-v2,300,Qwen3-8B/SciFact/results.json
Qwen3-8B,SciFact,mteb/scifact,cf10ab6856b15b0e670ef8ae5dae4e266c12d035,test,256,pca,recall_at_10,0.008333333333333333,42,exact-cosine-linear-ndcg-v2,300,Qwen3-8B/SciFact/results.json
Qwen3-8B,SciFact,mteb/scifact,cf10ab6856b15b0e670ef8ae5dae4e266c12d035,test,256,pca,recall_at_100,0.08,42,exact-cosine-linear-ndcg-v2,300,Qwen3-8B/SciFact/results.json
Qwen3-8B,SciFact,mteb/scifact,cf10ab6856b15b0e670ef8ae5dae4e266c12d035,test,256,pca,mrr_at_10,0.004555555555555556,42,exact-cosine-linear-ndcg-v2,300,Qwen3-8B/SciFact/results.json
Qwen3-8B,STSB,mteb/stsbenchmark-sts,96943a16ea6a35129e253c659081cb59daf81b30,validation,4096,native,cosine_spearman,0.31935808217013295,42,sts-validation-final-v2,1500,Qwen3-8B/STSB/results.json
Qwen3-8B,STSB,mteb/stsbenchmark-sts,96943a16ea6a35129e253c659081cb59daf81b30,validation,2048,pca,cosine_spearman,0.4307390090013596,42,sts-validation-final-v2,1500,Qwen3-8B/STSB/results.json
Qwen3-8B,STSB,mteb/stsbenchmark-sts,96943a16ea6a35129e253c659081cb59daf81b30,validation,1024,pca,cosine_spearman,0.42077745230471897,42,sts-validation-final-v2,1500,Qwen3-8B/STSB/results.json
Qwen3-8B,STSB,mteb/stsbenchmark-sts,96943a16ea6a35129e253c659081cb59daf81b30,validation,512,pca,cosine_spearman,0.4081462015948755,42,sts-validation-final-v2,1500,Qwen3-8B/STSB/results.json
Qwen3-8B,STSB,mteb/stsbenchmark-sts,96943a16ea6a35129e253c659081cb59daf81b30,validation,256,pca,cosine_spearman,0.39212480476589734,42,sts-validation-final-v2,1500,Qwen3-8B/STSB/results.json
