model,task,model_id,model_revision,calibration_hash,calibration_count,dataset_revision,gpu,cuda,quantization,max_length,batch_size,seed,pca_artifact,pca_artifact_reused,source_file
Gemma3-4B,Arxiv-Clustering,google/gemma-3-4b-it,093f9f388b31de276ce2de164bdc2081324b9767,6d121b630ce607657ea66aa1f5382e84ecad9de33c320c497e19fb85c0304fb5,3072,47e9d883ac27f79246060596f0693e285cace2eb,NVIDIA L4,12.8,,256,4,42,/content/drive/MyDrive/NLP-Embedding-Dimension-Analysis/final_run/pca/Gemma3-4B.npz,False,Gemma3-4B/Arxiv-Clustering/results.json
Gemma3-4B,Banking77,google/gemma-3-4b-it,093f9f388b31de276ce2de164bdc2081324b9767,6d121b630ce607657ea66aa1f5382e84ecad9de33c320c497e19fb85c0304fb5,3072,0b62e79500b84f0fff5a36a4404028f48fbc8621,NVIDIA L4,12.8,,256,4,42,/content/drive/MyDrive/NLP-Embedding-Dimension-Analysis/final_run/pca/Gemma3-4B.npz,False,Gemma3-4B/Banking77/results.json
Gemma3-4B,SciFact,google/gemma-3-4b-it,093f9f388b31de276ce2de164bdc2081324b9767,6d121b630ce607657ea66aa1f5382e84ecad9de33c320c497e19fb85c0304fb5,3072,cf10ab6856b15b0e670ef8ae5dae4e266c12d035,NVIDIA L4,12.8,,256,4,42,/content/drive/MyDrive/NLP-Embedding-Dimension-Analysis/final_run/pca/Gemma3-4B.npz,False,Gemma3-4B/SciFact/results.json
Gemma3-4B,STSB,google/gemma-3-4b-it,093f9f388b31de276ce2de164bdc2081324b9767,6d121b630ce607657ea66aa1f5382e84ecad9de33c320c497e19fb85c0304fb5,3072,96943a16ea6a35129e253c659081cb59daf81b30,NVIDIA L4,12.8,,256,4,42,/content/drive/MyDrive/NLP-Embedding-Dimension-Analysis/final_run/pca/Gemma3-4B.npz,False,Gemma3-4B/STSB/results.json
Llama3.2-3B,Arxiv-Clustering,meta-llama/Llama-3.2-3B-Instruct,0cb88a4f764b7a12671c53f0838cd831a0843b95,6d121b630ce607657ea66aa1f5382e84ecad9de33c320c497e19fb85c0304fb5,3072,47e9d883ac27f79246060596f0693e285cace2eb,NVIDIA L4,12.8,,256,4,42,/content/drive/MyDrive/NLP-Embedding-Dimension-Analysis/final_run/pca/Llama3.2-3B.npz,False,Llama3.2-3B/Arxiv-Clustering/results.json
Llama3.2-3B,Banking77,meta-llama/Llama-3.2-3B-Instruct,0cb88a4f764b7a12671c53f0838cd831a0843b95,6d121b630ce607657ea66aa1f5382e84ecad9de33c320c497e19fb85c0304fb5,3072,0b62e79500b84f0fff5a36a4404028f48fbc8621,NVIDIA L4,12.8,,256,4,42,/content/drive/MyDrive/NLP-Embedding-Dimension-Analysis/final_run/pca/Llama3.2-3B.npz,False,Llama3.2-3B/Banking77/results.json
Llama3.2-3B,SciFact,meta-llama/Llama-3.2-3B-Instruct,0cb88a4f764b7a12671c53f0838cd831a0843b95,6d121b630ce607657ea66aa1f5382e84ecad9de33c320c497e19fb85c0304fb5,3072,cf10ab6856b15b0e670ef8ae5dae4e266c12d035,NVIDIA L4,12.8,,256,4,42,/content/drive/MyDrive/NLP-Embedding-Dimension-Analysis/final_run/pca/Llama3.2-3B.npz,False,Llama3.2-3B/SciFact/results.json
Llama3.2-3B,STSB,meta-llama/Llama-3.2-3B-Instruct,0cb88a4f764b7a12671c53f0838cd831a0843b95,6d121b630ce607657ea66aa1f5382e84ecad9de33c320c497e19fb85c0304fb5,3072,96943a16ea6a35129e253c659081cb59daf81b30,NVIDIA L4,12.8,,256,4,42,/content/drive/MyDrive/NLP-Embedding-Dimension-Analysis/final_run/pca/Llama3.2-3B.npz,False,Llama3.2-3B/STSB/results.json
Mistral-7B,Arxiv-Clustering,mistralai/Mistral-7B-Instruct-v0.3,c170c708c41dac9275d15a8fff4eca08d52bab71,6d121b630ce607657ea66aa1f5382e84ecad9de33c320c497e19fb85c0304fb5,3072,47e9d883ac27f79246060596f0693e285cace2eb,NVIDIA L4,12.8,4bit,256,4,42,/content/drive/MyDrive/NLP-Embedding-Dimension-Analysis/final_run/pca/Mistral-7B.npz,False,Mistral-7B/Arxiv-Clustering/results.json
Mistral-7B,Banking77,mistralai/Mistral-7B-Instruct-v0.3,c170c708c41dac9275d15a8fff4eca08d52bab71,6d121b630ce607657ea66aa1f5382e84ecad9de33c320c497e19fb85c0304fb5,3072,0b62e79500b84f0fff5a36a4404028f48fbc8621,NVIDIA L4,12.8,4bit,256,4,42,/content/drive/MyDrive/NLP-Embedding-Dimension-Analysis/final_run/pca/Mistral-7B.npz,False,Mistral-7B/Banking77/results.json
Mistral-7B,SciFact,mistralai/Mistral-7B-Instruct-v0.3,c170c708c41dac9275d15a8fff4eca08d52bab71,6d121b630ce607657ea66aa1f5382e84ecad9de33c320c497e19fb85c0304fb5,3072,cf10ab6856b15b0e670ef8ae5dae4e266c12d035,NVIDIA L4,12.8,4bit,256,4,42,/content/drive/MyDrive/NLP-Embedding-Dimension-Analysis/final_run/pca/Mistral-7B.npz,False,Mistral-7B/SciFact/results.json
Mistral-7B,STSB,mistralai/Mistral-7B-Instruct-v0.3,c170c708c41dac9275d15a8fff4eca08d52bab71,6d121b630ce607657ea66aa1f5382e84ecad9de33c320c497e19fb85c0304fb5,3072,96943a16ea6a35129e253c659081cb59daf81b30,NVIDIA L4,12.8,4bit,256,4,42,/content/drive/MyDrive/NLP-Embedding-Dimension-Analysis/final_run/pca/Mistral-7B.npz,False,Mistral-7B/STSB/results.json
Phi4-mini,Arxiv-Clustering,microsoft/Phi-4-mini-instruct,cfbefacb99257ffa30c83adab238a50856ac3083,6d121b630ce607657ea66aa1f5382e84ecad9de33c320c497e19fb85c0304fb5,3072,47e9d883ac27f79246060596f0693e285cace2eb,NVIDIA L4,12.8,,256,4,42,/content/drive/MyDrive/NLP-Embedding-Dimension-Analysis/final_run/pca/Phi4-mini.npz,True,Phi4-mini/Arxiv-Clustering/results.json
Phi4-mini,Banking77,microsoft/Phi-4-mini-instruct,cfbefacb99257ffa30c83adab238a50856ac3083,6d121b630ce607657ea66aa1f5382e84ecad9de33c320c497e19fb85c0304fb5,3072,0b62e79500b84f0fff5a36a4404028f48fbc8621,Tesla T4,12.8,,256,4,42,/content/drive/MyDrive/NLP-Embedding-Dimension-Analysis/final_run/pca/Phi4-mini.npz,False,Phi4-mini/Banking77/results.json
Phi4-mini,SciFact,microsoft/Phi-4-mini-instruct,cfbefacb99257ffa30c83adab238a50856ac3083,6d121b630ce607657ea66aa1f5382e84ecad9de33c320c497e19fb85c0304fb5,3072,cf10ab6856b15b0e670ef8ae5dae4e266c12d035,Tesla T4,12.8,,256,4,42,/content/drive/MyDrive/NLP-Embedding-Dimension-Analysis/final_run/pca/Phi4-mini.npz,False,Phi4-mini/SciFact/results.json
Phi4-mini,STSB,microsoft/Phi-4-mini-instruct,cfbefacb99257ffa30c83adab238a50856ac3083,6d121b630ce607657ea66aa1f5382e84ecad9de33c320c497e19fb85c0304fb5,3072,96943a16ea6a35129e253c659081cb59daf81b30,Tesla T4,12.8,,256,4,42,/content/drive/MyDrive/NLP-Embedding-Dimension-Analysis/final_run/pca/Phi4-mini.npz,False,Phi4-mini/STSB/results.json
Qwen3-8B,Arxiv-Clustering,Qwen/Qwen3-8B,b968826d9c46dd6066d109eabc6255188de91218,6d121b630ce607657ea66aa1f5382e84ecad9de33c320c497e19fb85c0304fb5,3072,47e9d883ac27f79246060596f0693e285cace2eb,NVIDIA L4,12.8,4bit,256,4,42,/content/drive/MyDrive/NLP-Embedding-Dimension-Analysis/final_run/pca/Qwen3-8B.npz,False,Qwen3-8B/Arxiv-Clustering/results.json
Qwen3-8B,Banking77,Qwen/Qwen3-8B,b968826d9c46dd6066d109eabc6255188de91218,6d121b630ce607657ea66aa1f5382e84ecad9de33c320c497e19fb85c0304fb5,3072,0b62e79500b84f0fff5a36a4404028f48fbc8621,NVIDIA L4,12.8,4bit,256,4,42,/content/drive/MyDrive/NLP-Embedding-Dimension-Analysis/final_run/pca/Qwen3-8B.npz,False,Qwen3-8B/Banking77/results.json
Qwen3-8B,SciFact,Qwen/Qwen3-8B,b968826d9c46dd6066d109eabc6255188de91218,6d121b630ce607657ea66aa1f5382e84ecad9de33c320c497e19fb85c0304fb5,3072,cf10ab6856b15b0e670ef8ae5dae4e266c12d035,NVIDIA L4,12.8,4bit,256,4,42,/content/drive/MyDrive/NLP-Embedding-Dimension-Analysis/final_run/pca/Qwen3-8B.npz,False,Qwen3-8B/SciFact/results.json
Qwen3-8B,STSB,Qwen/Qwen3-8B,b968826d9c46dd6066d109eabc6255188de91218,6d121b630ce607657ea66aa1f5382e84ecad9de33c320c497e19fb85c0304fb5,3072,96943a16ea6a35129e253c659081cb59daf81b30,NVIDIA L4,12.8,4bit,256,4,42,/content/drive/MyDrive/NLP-Embedding-Dimension-Analysis/final_run/pca/Qwen3-8B.npz,False,Qwen3-8B/STSB/results.json
