model,task,dataset,dataset_revision,split,dimension,reduction,metric,score,seed,protocol,n_eval,source_file,native_dimension,dimension_fraction,native_score,delta_score,relative_change_pct,retained_native_pct
Gemma3-4B,Arxiv-Clustering,mteb/arxiv-clustering-s2s,47e9d883ac27f79246060596f0693e285cace2eb,test,2560,native,v_measure,0.2705781754198889,42,arxiv-s2s-per-set-minibatch-kmeans-v2,707723,Gemma3-4B/Arxiv-Clustering/results.json,2560,1.0,0.2705781754198889,0.0,0.0,100.0
Gemma3-4B,Arxiv-Clustering,mteb/arxiv-clustering-s2s,47e9d883ac27f79246060596f0693e285cace2eb,test,2560,native,adjusted_rand,0.10137631979019694,42,arxiv-s2s-per-set-minibatch-kmeans-v2,707723,Gemma3-4B/Arxiv-Clustering/results.json,2560,1.0,0.10137631979019694,0.0,0.0,100.0
Gemma3-4B,Arxiv-Clustering,mteb/arxiv-clustering-s2s,47e9d883ac27f79246060596f0693e285cace2eb,test,2560,native,nmi,0.2705781754198889,42,arxiv-s2s-per-set-minibatch-kmeans-v2,707723,Gemma3-4B/Arxiv-Clustering/results.json,2560,1.0,0.2705781754198889,0.0,0.0,100.0
Gemma3-4B,Arxiv-Clustering,mteb/arxiv-clustering-s2s,47e9d883ac27f79246060596f0693e285cace2eb,test,1280,pca,v_measure,0.24349349223217223,42,arxiv-s2s-per-set-minibatch-kmeans-v2,707723,Gemma3-4B/Arxiv-Clustering/results.json,2560,0.5,0.2705781754198889,-0.027084683187716646,-10.00992897734123,89.99007102265877
Gemma3-4B,Arxiv-Clustering,mteb/arxiv-clustering-s2s,47e9d883ac27f79246060596f0693e285cace2eb,test,1280,pca,adjusted_rand,0.08386721862210927,42,arxiv-s2s-per-set-minibatch-kmeans-v2,707723,Gemma3-4B/Arxiv-Clustering/results.json,2560,0.5,0.10137631979019694,-0.017509101168087668,-17.27139158762478,82.72860841237522
Gemma3-4B,Arxiv-Clustering,mteb/arxiv-clustering-s2s,47e9d883ac27f79246060596f0693e285cace2eb,test,1280,pca,nmi,0.24349349223217223,42,arxiv-s2s-per-set-minibatch-kmeans-v2,707723,Gemma3-4B/Arxiv-Clustering/results.json,2560,0.5,0.2705781754198889,-0.027084683187716646,-10.00992897734123,89.99007102265877
Gemma3-4B,Arxiv-Clustering,mteb/arxiv-clustering-s2s,47e9d883ac27f79246060596f0693e285cace2eb,test,640,pca,v_measure,0.21036856664744966,42,arxiv-s2s-per-set-minibatch-kmeans-v2,707723,Gemma3-4B/Arxiv-Clustering/results.json,2560,0.25,0.2705781754198889,-0.06020960877243922,-22.252204442950617,77.74779555704939
Gemma3-4B,Arxiv-Clustering,mteb/arxiv-clustering-s2s,47e9d883ac27f79246060596f0693e285cace2eb,test,640,pca,adjusted_rand,0.06622224058883937,42,arxiv-s2s-per-set-minibatch-kmeans-v2,707723,Gemma3-4B/Arxiv-Clustering/results.json,2560,0.25,0.10137631979019694,-0.035154079201357574,-34.67681532936942,65.32318467063058
Gemma3-4B,Arxiv-Clustering,mteb/arxiv-clustering-s2s,47e9d883ac27f79246060596f0693e285cace2eb,test,640,pca,nmi,0.21036856664744966,42,arxiv-s2s-per-set-minibatch-kmeans-v2,707723,Gemma3-4B/Arxiv-Clustering/results.json,2560,0.25,0.2705781754198889,-0.06020960877243922,-22.252204442950617,77.74779555704939
Gemma3-4B,Arxiv-Clustering,mteb/arxiv-clustering-s2s,47e9d883ac27f79246060596f0693e285cace2eb,test,320,pca,v_measure,0.17650137502599647,42,arxiv-s2s-per-set-minibatch-kmeans-v2,707723,Gemma3-4B/Arxiv-Clustering/results.json,2560,0.125,0.2705781754198889,-0.0940768003938924,-34.76880581661919,65.23119418338081
Gemma3-4B,Arxiv-Clustering,mteb/arxiv-clustering-s2s,47e9d883ac27f79246060596f0693e285cace2eb,test,320,pca,adjusted_rand,0.04916404965804086,42,arxiv-s2s-per-set-minibatch-kmeans-v2,707723,Gemma3-4B/Arxiv-Clustering/results.json,2560,0.125,0.10137631979019694,-0.05221227013215608,-51.50341839219635,48.49658160780365
Gemma3-4B,Arxiv-Clustering,mteb/arxiv-clustering-s2s,47e9d883ac27f79246060596f0693e285cace2eb,test,320,pca,nmi,0.17650137502599647,42,arxiv-s2s-per-set-minibatch-kmeans-v2,707723,Gemma3-4B/Arxiv-Clustering/results.json,2560,0.125,0.2705781754198889,-0.0940768003938924,-34.76880581661919,65.23119418338081
Gemma3-4B,Banking77,PolyAI/banking77,0b62e79500b84f0fff5a36a4404028f48fbc8621,test,2560,native,accuracy,0.7837662337662338,42,banking77-official-train-test-logistic-v2,3080,Gemma3-4B/Banking77/results.json,2560,1.0,0.7837662337662338,0.0,0.0,100.0
Gemma3-4B,Banking77,PolyAI/banking77,0b62e79500b84f0fff5a36a4404028f48fbc8621,test,2560,native,macro_f1,0.7750677037203029,42,banking77-official-train-test-logistic-v2,3080,Gemma3-4B/Banking77/results.json,2560,1.0,0.7750677037203029,0.0,0.0,100.0
Gemma3-4B,Banking77,PolyAI/banking77,0b62e79500b84f0fff5a36a4404028f48fbc8621,test,1280,pca,accuracy,0.8211038961038961,42,banking77-official-train-test-logistic-v2,3080,Gemma3-4B/Banking77/results.json,2560,0.5,0.7837662337662338,0.037337662337662336,4.76387738193869,104.76387738193868
Gemma3-4B,Banking77,PolyAI/banking77,0b62e79500b84f0fff5a36a4404028f48fbc8621,test,1280,pca,macro_f1,0.8191162811539772,42,banking77-official-train-test-logistic-v2,3080,Gemma3-4B/Banking77/results.json,2560,0.5,0.7750677037203029,0.044048577433674296,5.683190929288162,105.68319092928814
Gemma3-4B,Banking77,PolyAI/banking77,0b62e79500b84f0fff5a36a4404028f48fbc8621,test,640,pca,accuracy,0.8152597402597402,42,banking77-official-train-test-logistic-v2,3080,Gemma3-4B/Banking77/results.json,2560,0.25,0.7837662337662338,0.03149350649350646,4.018227009113501,104.0182270091135
Gemma3-4B,Banking77,PolyAI/banking77,0b62e79500b84f0fff5a36a4404028f48fbc8621,test,640,pca,macro_f1,0.8129101332784519,42,banking77-official-train-test-logistic-v2,3080,Gemma3-4B/Banking77/results.json,2560,0.25,0.7750677037203029,0.03784242955814898,4.882467605927379,104.88246760592739
Gemma3-4B,Banking77,PolyAI/banking77,0b62e79500b84f0fff5a36a4404028f48fbc8621,test,320,pca,accuracy,0.8,42,banking77-official-train-test-logistic-v2,3080,Gemma3-4B/Banking77/results.json,2560,0.125,0.7837662337662338,0.016233766233766267,2.071251035625522,102.07125103562554
Gemma3-4B,Banking77,PolyAI/banking77,0b62e79500b84f0fff5a36a4404028f48fbc8621,test,320,pca,macro_f1,0.7968319878500767,42,banking77-official-train-test-logistic-v2,3080,Gemma3-4B/Banking77/results.json,2560,0.125,0.7750677037203029,0.021764284129773825,2.80804941623885,102.80804941623884
Gemma3-4B,SciFact,mteb/scifact,cf10ab6856b15b0e670ef8ae5dae4e266c12d035,test,2560,native,ndcg_at_10,0.048163051670317335,42,exact-cosine-linear-ndcg-v2,300,Gemma3-4B/SciFact/results.json,2560,1.0,0.048163051670317335,0.0,0.0,100.0
Gemma3-4B,SciFact,mteb/scifact,cf10ab6856b15b0e670ef8ae5dae4e266c12d035,test,2560,native,recall_at_10,0.07083333333333333,42,exact-cosine-linear-ndcg-v2,300,Gemma3-4B/SciFact/results.json,2560,1.0,0.07083333333333333,0.0,0.0,100.0
Gemma3-4B,SciFact,mteb/scifact,cf10ab6856b15b0e670ef8ae5dae4e266c12d035,test,2560,native,recall_at_100,0.19394444444444445,42,exact-cosine-linear-ndcg-v2,300,Gemma3-4B/SciFact/results.json,2560,1.0,0.19394444444444445,0.0,0.0,100.0
Gemma3-4B,SciFact,mteb/scifact,cf10ab6856b15b0e670ef8ae5dae4e266c12d035,test,2560,native,mrr_at_10,0.04742592592592593,42,exact-cosine-linear-ndcg-v2,300,Gemma3-4B/SciFact/results.json,2560,1.0,0.04742592592592593,0.0,0.0,100.0
Gemma3-4B,SciFact,mteb/scifact,cf10ab6856b15b0e670ef8ae5dae4e266c12d035,test,1280,pca,ndcg_at_10,0.05597832313193849,42,exact-cosine-linear-ndcg-v2,300,Gemma3-4B/SciFact/results.json,2560,0.5,0.048163051670317335,0.007815271461621157,16.22669492605609,116.22669492605608
Gemma3-4B,SciFact,mteb/scifact,cf10ab6856b15b0e670ef8ae5dae4e266c12d035,test,1280,pca,recall_at_10,0.08816666666666667,42,exact-cosine-linear-ndcg-v2,300,Gemma3-4B/SciFact/results.json,2560,0.5,0.07083333333333333,0.01733333333333334,24.470588235294127,124.47058823529413
Gemma3-4B,SciFact,mteb/scifact,cf10ab6856b15b0e670ef8ae5dae4e266c12d035,test,1280,pca,recall_at_100,0.20894444444444443,42,exact-cosine-linear-ndcg-v2,300,Gemma3-4B/SciFact/results.json,2560,0.5,0.19394444444444445,0.014999999999999986,7.7341735892294405,107.73417358922943
Gemma3-4B,SciFact,mteb/scifact,cf10ab6856b15b0e670ef8ae5dae4e266c12d035,test,1280,pca,mrr_at_10,0.05281746031746032,42,exact-cosine-linear-ndcg-v2,300,Gemma3-4B/SciFact/results.json,2560,0.5,0.04742592592592593,0.005391534391534392,11.368327104367713,111.36832710436771
Gemma3-4B,SciFact,mteb/scifact,cf10ab6856b15b0e670ef8ae5dae4e266c12d035,test,640,pca,ndcg_at_10,0.04247392590644335,42,exact-cosine-linear-ndcg-v2,300,Gemma3-4B/SciFact/results.json,2560,0.25,0.048163051670317335,-0.005689125763873988,-11.812220294546181,88.18777970545382
Gemma3-4B,SciFact,mteb/scifact,cf10ab6856b15b0e670ef8ae5dae4e266c12d035,test,640,pca,recall_at_10,0.060833333333333336,42,exact-cosine-linear-ndcg-v2,300,Gemma3-4B/SciFact/results.json,2560,0.25,0.07083333333333333,-0.009999999999999995,-14.117647058823524,85.88235294117648
Gemma3-4B,SciFact,mteb/scifact,cf10ab6856b15b0e670ef8ae5dae4e266c12d035,test,640,pca,recall_at_100,0.17116666666666666,42,exact-cosine-linear-ndcg-v2,300,Gemma3-4B/SciFact/results.json,2560,0.25,0.19394444444444445,-0.022777777777777786,-11.744485820681756,88.25551417931824
Gemma3-4B,SciFact,mteb/scifact,cf10ab6856b15b0e670ef8ae5dae4e266c12d035,test,640,pca,mrr_at_10,0.04312037037037037,42,exact-cosine-linear-ndcg-v2,300,Gemma3-4B/SciFact/results.json,2560,0.25,0.04742592592592593,-0.0043055555555555555,-9.07848496680984,90.92151503319016
Gemma3-4B,SciFact,mteb/scifact,cf10ab6856b15b0e670ef8ae5dae4e266c12d035,test,320,pca,ndcg_at_10,0.02248562369053989,42,exact-cosine-linear-ndcg-v2,300,Gemma3-4B/SciFact/results.json,2560,0.125,0.048163051670317335,-0.025677427979777446,-53.313540336984765,46.68645966301524
Gemma3-4B,SciFact,mteb/scifact,cf10ab6856b15b0e670ef8ae5dae4e266c12d035,test,320,pca,recall_at_10,0.0375,42,exact-cosine-linear-ndcg-v2,300,Gemma3-4B/SciFact/results.json,2560,0.125,0.07083333333333333,-0.03333333333333333,-47.05882352941177,52.94117647058824
Gemma3-4B,SciFact,mteb/scifact,cf10ab6856b15b0e670ef8ae5dae4e266c12d035,test,320,pca,recall_at_100,0.15383333333333332,42,exact-cosine-linear-ndcg-v2,300,Gemma3-4B/SciFact/results.json,2560,0.125,0.19394444444444445,-0.040111111111111125,-20.6817530793469,79.3182469206531
Gemma3-4B,SciFact,mteb/scifact,cf10ab6856b15b0e670ef8ae5dae4e266c12d035,test,320,pca,mrr_at_10,0.022416666666666665,42,exact-cosine-linear-ndcg-v2,300,Gemma3-4B/SciFact/results.json,2560,0.125,0.04742592592592593,-0.025009259259259262,-52.733307301835225,47.266692698164775
Gemma3-4B,STSB,mteb/stsbenchmark-sts,96943a16ea6a35129e253c659081cb59daf81b30,validation,2560,native,cosine_spearman,0.5556569902263853,42,sts-validation-final-v2,1500,Gemma3-4B/STSB/results.json,2560,1.0,0.5556569902263853,0.0,0.0,100.0
Gemma3-4B,STSB,mteb/stsbenchmark-sts,96943a16ea6a35129e253c659081cb59daf81b30,validation,1280,pca,cosine_spearman,0.5931090569977232,42,sts-validation-final-v2,1500,Gemma3-4B/STSB/results.json,2560,0.5,0.5556569902263853,0.037452066771337944,6.740141387599436,106.74014138759944
Gemma3-4B,STSB,mteb/stsbenchmark-sts,96943a16ea6a35129e253c659081cb59daf81b30,validation,640,pca,cosine_spearman,0.583277146298026,42,sts-validation-final-v2,1500,Gemma3-4B/STSB/results.json,2560,0.25,0.5556569902263853,0.0276201560716407,4.970720526774571,104.97072052677456
Gemma3-4B,STSB,mteb/stsbenchmark-sts,96943a16ea6a35129e253c659081cb59daf81b30,validation,320,pca,cosine_spearman,0.5659000079713578,42,sts-validation-final-v2,1500,Gemma3-4B/STSB/results.json,2560,0.125,0.5556569902263853,0.010243017744972494,1.843406620476293,101.84340662047629
Llama3.2-3B,Arxiv-Clustering,mteb/arxiv-clustering-s2s,47e9d883ac27f79246060596f0693e285cace2eb,test,3072,native,v_measure,0.22580638770764894,42,arxiv-s2s-per-set-minibatch-kmeans-v2,707723,Llama3.2-3B/Arxiv-Clustering/results.json,3072,1.0,0.22580638770764894,0.0,0.0,100.0
Llama3.2-3B,Arxiv-Clustering,mteb/arxiv-clustering-s2s,47e9d883ac27f79246060596f0693e285cace2eb,test,3072,native,adjusted_rand,0.07610414330892289,42,arxiv-s2s-per-set-minibatch-kmeans-v2,707723,Llama3.2-3B/Arxiv-Clustering/results.json,3072,1.0,0.07610414330892289,0.0,0.0,100.0
Llama3.2-3B,Arxiv-Clustering,mteb/arxiv-clustering-s2s,47e9d883ac27f79246060596f0693e285cace2eb,test,3072,native,nmi,0.22580638770764894,42,arxiv-s2s-per-set-minibatch-kmeans-v2,707723,Llama3.2-3B/Arxiv-Clustering/results.json,3072,1.0,0.22580638770764894,0.0,0.0,100.0
Llama3.2-3B,Arxiv-Clustering,mteb/arxiv-clustering-s2s,47e9d883ac27f79246060596f0693e285cace2eb,test,1536,pca,v_measure,0.1830129820123019,42,arxiv-s2s-per-set-minibatch-kmeans-v2,707723,Llama3.2-3B/Arxiv-Clustering/results.json,3072,0.5,0.22580638770764894,-0.04279340569534704,-18.951370742776138,81.04862925722387
Llama3.2-3B,Arxiv-Clustering,mteb/arxiv-clustering-s2s,47e9d883ac27f79246060596f0693e285cace2eb,test,1536,pca,adjusted_rand,0.05072300709167292,42,arxiv-s2s-per-set-minibatch-kmeans-v2,707723,Llama3.2-3B/Arxiv-Clustering/results.json,3072,0.5,0.07610414330892289,-0.025381136217249967,-33.350531408286855,66.64946859171314
Llama3.2-3B,Arxiv-Clustering,mteb/arxiv-clustering-s2s,47e9d883ac27f79246060596f0693e285cace2eb,test,1536,pca,nmi,0.1830129820123019,42,arxiv-s2s-per-set-minibatch-kmeans-v2,707723,Llama3.2-3B/Arxiv-Clustering/results.json,3072,0.5,0.22580638770764894,-0.04279340569534704,-18.951370742776138,81.04862925722387
Llama3.2-3B,Arxiv-Clustering,mteb/arxiv-clustering-s2s,47e9d883ac27f79246060596f0693e285cace2eb,test,768,pca,v_measure,0.15237938928182387,42,arxiv-s2s-per-set-minibatch-kmeans-v2,707723,Llama3.2-3B/Arxiv-Clustering/results.json,3072,0.25,0.22580638770764894,-0.07342699842582506,-32.517679934232355,67.48232006576765
Llama3.2-3B,Arxiv-Clustering,mteb/arxiv-clustering-s2s,47e9d883ac27f79246060596f0693e285cace2eb,test,768,pca,adjusted_rand,0.03819019420653953,42,arxiv-s2s-per-set-minibatch-kmeans-v2,707723,Llama3.2-3B/Arxiv-Clustering/results.json,3072,0.25,0.07610414330892289,-0.037913949102383354,-49.818508498916515,50.181491501083485
Llama3.2-3B,Arxiv-Clustering,mteb/arxiv-clustering-s2s,47e9d883ac27f79246060596f0693e285cace2eb,test,768,pca,nmi,0.15237938928182387,42,arxiv-s2s-per-set-minibatch-kmeans-v2,707723,Llama3.2-3B/Arxiv-Clustering/results.json,3072,0.25,0.22580638770764894,-0.07342699842582506,-32.517679934232355,67.48232006576765
Llama3.2-3B,Arxiv-Clustering,mteb/arxiv-clustering-s2s,47e9d883ac27f79246060596f0693e285cace2eb,test,384,pca,v_measure,0.12864270197590855,42,arxiv-s2s-per-set-minibatch-kmeans-v2,707723,Llama3.2-3B/Arxiv-Clustering/results.json,3072,0.125,0.22580638770764894,-0.09716368573174039,-43.029644430403806,56.97035556959619
Llama3.2-3B,Arxiv-Clustering,mteb/arxiv-clustering-s2s,47e9d883ac27f79246060596f0693e285cace2eb,test,384,pca,adjusted_rand,0.028711641299496948,42,arxiv-s2s-per-set-minibatch-kmeans-v2,707723,Llama3.2-3B/Arxiv-Clustering/results.json,3072,0.125,0.07610414330892289,-0.047392502009425935,-62.27322186263854,37.72677813736145
Llama3.2-3B,Arxiv-Clustering,mteb/arxiv-clustering-s2s,47e9d883ac27f79246060596f0693e285cace2eb,test,384,pca,nmi,0.12864270197590855,42,arxiv-s2s-per-set-minibatch-kmeans-v2,707723,Llama3.2-3B/Arxiv-Clustering/results.json,3072,0.125,0.22580638770764894,-0.09716368573174039,-43.029644430403806,56.97035556959619
Llama3.2-3B,Banking77,PolyAI/banking77,0b62e79500b84f0fff5a36a4404028f48fbc8621,test,3072,native,accuracy,0.7912337662337663,42,banking77-official-train-test-logistic-v2,3080,Llama3.2-3B/Banking77/results.json,3072,1.0,0.7912337662337663,0.0,0.0,100.0
Llama3.2-3B,Banking77,PolyAI/banking77,0b62e79500b84f0fff5a36a4404028f48fbc8621,test,3072,native,macro_f1,0.7851604115565256,42,banking77-official-train-test-logistic-v2,3080,Llama3.2-3B/Banking77/results.json,3072,1.0,0.7851604115565256,0.0,0.0,100.0
Llama3.2-3B,Banking77,PolyAI/banking77,0b62e79500b84f0fff5a36a4404028f48fbc8621,test,1536,pca,accuracy,0.825974025974026,42,banking77-official-train-test-logistic-v2,3080,Llama3.2-3B/Banking77/results.json,3072,0.5,0.7912337662337663,0.03474025974025974,4.390644234714813,104.3906442347148
Llama3.2-3B,Banking77,PolyAI/banking77,0b62e79500b84f0fff5a36a4404028f48fbc8621,test,1536,pca,macro_f1,0.823923105113497,42,banking77-official-train-test-logistic-v2,3080,Llama3.2-3B/Banking77/results.json,3072,0.5,0.7851604115565256,0.03876269355697137,4.936913907837896,104.9369139078379
Llama3.2-3B,Banking77,PolyAI/banking77,0b62e79500b84f0fff5a36a4404028f48fbc8621,test,768,pca,accuracy,0.8172077922077922,42,banking77-official-train-test-logistic-v2,3080,Llama3.2-3B/Banking77/results.json,3072,0.25,0.7912337662337663,0.02597402597402587,3.282724661469006,103.28272466146902
Llama3.2-3B,Banking77,PolyAI/banking77,0b62e79500b84f0fff5a36a4404028f48fbc8621,test,768,pca,macro_f1,0.8148750089474079,42,banking77-official-train-test-logistic-v2,3080,Llama3.2-3B/Banking77/results.json,3072,0.25,0.7851604115565256,0.029714597390882336,3.784525678259201,103.7845256782592
Llama3.2-3B,Banking77,PolyAI/banking77,0b62e79500b84f0fff5a36a4404028f48fbc8621,test,384,pca,accuracy,0.8081168831168831,42,banking77-official-train-test-logistic-v2,3080,Llama3.2-3B/Banking77/results.json,3072,0.125,0.7912337662337663,0.016883116883116833,2.1337710299548562,102.13377102995484
Llama3.2-3B,Banking77,PolyAI/banking77,0b62e79500b84f0fff5a36a4404028f48fbc8621,test,384,pca,macro_f1,0.8054547910961043,42,banking77-official-train-test-logistic-v2,3080,Llama3.2-3B/Banking77/results.json,3072,0.125,0.7851604115565256,0.02029437953957869,2.584743097190356,102.58474309719037
Llama3.2-3B,SciFact,mteb/scifact,cf10ab6856b15b0e670ef8ae5dae4e266c12d035,test,3072,native,ndcg_at_10,0.04522034930399857,42,exact-cosine-linear-ndcg-v2,300,Llama3.2-3B/SciFact/results.json,3072,1.0,0.04522034930399857,0.0,0.0,100.0
Llama3.2-3B,SciFact,mteb/scifact,cf10ab6856b15b0e670ef8ae5dae4e266c12d035,test,3072,native,recall_at_10,0.07733333333333334,42,exact-cosine-linear-ndcg-v2,300,Llama3.2-3B/SciFact/results.json,3072,1.0,0.07733333333333334,0.0,0.0,100.0
Llama3.2-3B,SciFact,mteb/scifact,cf10ab6856b15b0e670ef8ae5dae4e266c12d035,test,3072,native,recall_at_100,0.16422222222222221,42,exact-cosine-linear-ndcg-v2,300,Llama3.2-3B/SciFact/results.json,3072,1.0,0.16422222222222221,0.0,0.0,100.0
Llama3.2-3B,SciFact,mteb/scifact,cf10ab6856b15b0e670ef8ae5dae4e266c12d035,test,3072,native,mrr_at_10,0.03671164021164021,42,exact-cosine-linear-ndcg-v2,300,Llama3.2-3B/SciFact/results.json,3072,1.0,0.03671164021164021,0.0,0.0,100.0
Llama3.2-3B,SciFact,mteb/scifact,cf10ab6856b15b0e670ef8ae5dae4e266c12d035,test,1536,pca,ndcg_at_10,0.04578684936708278,42,exact-cosine-linear-ndcg-v2,300,Llama3.2-3B/SciFact/results.json,3072,0.5,0.04522034930399857,0.000566500063084209,1.252754726142986,101.252754726143
Llama3.2-3B,SciFact,mteb/scifact,cf10ab6856b15b0e670ef8ae5dae4e266c12d035,test,1536,pca,recall_at_10,0.08066666666666666,42,exact-cosine-linear-ndcg-v2,300,Llama3.2-3B/SciFact/results.json,3072,0.5,0.07733333333333334,0.003333333333333327,4.310344827586198,104.31034482758619
Llama3.2-3B,SciFact,mteb/scifact,cf10ab6856b15b0e670ef8ae5dae4e266c12d035,test,1536,pca,recall_at_100,0.16155555555555556,42,exact-cosine-linear-ndcg-v2,300,Llama3.2-3B/SciFact/results.json,3072,0.5,0.16422222222222221,-0.0026666666666666505,-1.623815967523671,98.37618403247633
Llama3.2-3B,SciFact,mteb/scifact,cf10ab6856b15b0e670ef8ae5dae4e266c12d035,test,1536,pca,mrr_at_10,0.038582010582010585,42,exact-cosine-linear-ndcg-v2,300,Llama3.2-3B/SciFact/results.json,3072,0.5,0.03671164021164021,0.0018703703703703764,5.094761115514897,105.0947611155149
Llama3.2-3B,SciFact,mteb/scifact,cf10ab6856b15b0e670ef8ae5dae4e266c12d035,test,768,pca,ndcg_at_10,0.02032085377328541,42,exact-cosine-linear-ndcg-v2,300,Llama3.2-3B/SciFact/results.json,3072,0.25,0.04522034930399857,-0.024899495530713158,-55.06258999311056,44.937410006889436
Llama3.2-3B,SciFact,mteb/scifact,cf10ab6856b15b0e670ef8ae5dae4e266c12d035,test,768,pca,recall_at_10,0.042333333333333334,42,exact-cosine-linear-ndcg-v2,300,Llama3.2-3B/SciFact/results.json,3072,0.25,0.07733333333333334,-0.035,-45.258620689655174,54.741379310344826
Llama3.2-3B,SciFact,mteb/scifact,cf10ab6856b15b0e670ef8ae5dae4e266c12d035,test,768,pca,recall_at_100,0.12199999999999998,42,exact-cosine-linear-ndcg-v2,300,Llama3.2-3B/SciFact/results.json,3072,0.25,0.16422222222222221,-0.04222222222222223,-25.71041948579162,74.28958051420838
Llama3.2-3B,SciFact,mteb/scifact,cf10ab6856b15b0e670ef8ae5dae4e266c12d035,test,768,pca,mrr_at_10,0.015648148148148147,42,exact-cosine-linear-ndcg-v2,300,Llama3.2-3B/SciFact/results.json,3072,0.25,0.03671164021164021,-0.021063492063492062,-57.37551343950421,42.62448656049578
Llama3.2-3B,SciFact,mteb/scifact,cf10ab6856b15b0e670ef8ae5dae4e266c12d035,test,384,pca,ndcg_at_10,0.004518587996892232,42,exact-cosine-linear-ndcg-v2,300,Llama3.2-3B/SciFact/results.json,3072,0.125,0.04522034930399857,-0.040701761307106336,-90.00762252738132,9.992377472618683
Llama3.2-3B,SciFact,mteb/scifact,cf10ab6856b15b0e670ef8ae5dae4e266c12d035,test,384,pca,recall_at_10,0.0115,42,exact-cosine-linear-ndcg-v2,300,Llama3.2-3B/SciFact/results.json,3072,0.125,0.07733333333333334,-0.06583333333333334,-85.12931034482759,14.870689655172411
Llama3.2-3B,SciFact,mteb/scifact,cf10ab6856b15b0e670ef8ae5dae4e266c12d035,test,384,pca,recall_at_100,0.07966666666666666,42,exact-cosine-linear-ndcg-v2,300,Llama3.2-3B/SciFact/results.json,3072,0.125,0.16422222222222221,-0.08455555555555555,-51.48849797023004,48.51150202976996
Llama3.2-3B,SciFact,mteb/scifact,cf10ab6856b15b0e670ef8ae5dae4e266c12d035,test,384,pca,mrr_at_10,0.0037354497354497355,42,exact-cosine-linear-ndcg-v2,300,Llama3.2-3B/SciFact/results.json,3072,0.125,0.03671164021164021,-0.03297619047619047,-89.82489010593066,10.175109894069324
Llama3.2-3B,STSB,mteb/stsbenchmark-sts,96943a16ea6a35129e253c659081cb59daf81b30,validation,3072,native,cosine_spearman,0.5406037276494655,42,sts-validation-final-v2,1500,Llama3.2-3B/STSB/results.json,3072,1.0,0.5406037276494655,0.0,0.0,100.0
Llama3.2-3B,STSB,mteb/stsbenchmark-sts,96943a16ea6a35129e253c659081cb59daf81b30,validation,1536,pca,cosine_spearman,0.6041789489788109,42,sts-validation-final-v2,1500,Llama3.2-3B/STSB/results.json,3072,0.5,0.5406037276494655,0.06357522132934534,11.760041242366043,111.76004124236604
Llama3.2-3B,STSB,mteb/stsbenchmark-sts,96943a16ea6a35129e253c659081cb59daf81b30,validation,768,pca,cosine_spearman,0.5938659667727438,42,sts-validation-final-v2,1500,Llama3.2-3B/STSB/results.json,3072,0.25,0.5406037276494655,0.05326223912327832,9.852362534542907,109.85236253454292
Llama3.2-3B,STSB,mteb/stsbenchmark-sts,96943a16ea6a35129e253c659081cb59daf81b30,validation,384,pca,cosine_spearman,0.5741412503135314,42,sts-validation-final-v2,1500,Llama3.2-3B/STSB/results.json,3072,0.125,0.5406037276494655,0.033537522664065844,6.203716502268,106.20371650226801
Mistral-7B,Arxiv-Clustering,mteb/arxiv-clustering-s2s,47e9d883ac27f79246060596f0693e285cace2eb,test,4096,native,v_measure,0.25197334764542856,42,arxiv-s2s-per-set-minibatch-kmeans-v2,707723,Mistral-7B/Arxiv-Clustering/results.json,4096,1.0,0.25197334764542856,0.0,0.0,100.0
Mistral-7B,Arxiv-Clustering,mteb/arxiv-clustering-s2s,47e9d883ac27f79246060596f0693e285cace2eb,test,4096,native,adjusted_rand,0.09582508749855827,42,arxiv-s2s-per-set-minibatch-kmeans-v2,707723,Mistral-7B/Arxiv-Clustering/results.json,4096,1.0,0.09582508749855827,0.0,0.0,100.0
Mistral-7B,Arxiv-Clustering,mteb/arxiv-clustering-s2s,47e9d883ac27f79246060596f0693e285cace2eb,test,4096,native,nmi,0.2519733476454286,42,arxiv-s2s-per-set-minibatch-kmeans-v2,707723,Mistral-7B/Arxiv-Clustering/results.json,4096,1.0,0.2519733476454286,0.0,0.0,100.0
Mistral-7B,Arxiv-Clustering,mteb/arxiv-clustering-s2s,47e9d883ac27f79246060596f0693e285cace2eb,test,2048,pca,v_measure,0.22233558000436549,42,arxiv-s2s-per-set-minibatch-kmeans-v2,707723,Mistral-7B/Arxiv-Clustering/results.json,4096,0.5,0.25197334764542856,-0.029637767641063073,-11.762262921064453,88.23773707893555
Mistral-7B,Arxiv-Clustering,mteb/arxiv-clustering-s2s,47e9d883ac27f79246060596f0693e285cace2eb,test,2048,pca,adjusted_rand,0.08035420102655608,42,arxiv-s2s-per-set-minibatch-kmeans-v2,707723,Mistral-7B/Arxiv-Clustering/results.json,4096,0.5,0.09582508749855827,-0.01547088647200219,-16.144922875478674,83.85507712452133
Mistral-7B,Arxiv-Clustering,mteb/arxiv-clustering-s2s,47e9d883ac27f79246060596f0693e285cace2eb,test,2048,pca,nmi,0.22233558000436549,42,arxiv-s2s-per-set-minibatch-kmeans-v2,707723,Mistral-7B/Arxiv-Clustering/results.json,4096,0.5,0.2519733476454286,-0.02963776764106313,-11.76226292106447,88.23773707893552
Mistral-7B,Arxiv-Clustering,mteb/arxiv-clustering-s2s,47e9d883ac27f79246060596f0693e285cace2eb,test,1024,pca,v_measure,0.19659673955054371,42,arxiv-s2s-per-set-minibatch-kmeans-v2,707723,Mistral-7B/Arxiv-Clustering/results.json,4096,0.25,0.25197334764542856,-0.055376608094884844,-21.97716886025962,78.02283113974038
Mistral-7B,Arxiv-Clustering,mteb/arxiv-clustering-s2s,47e9d883ac27f79246060596f0693e285cace2eb,test,1024,pca,adjusted_rand,0.06909565809087455,42,arxiv-s2s-per-set-minibatch-kmeans-v2,707723,Mistral-7B/Arxiv-Clustering/results.json,4096,0.25,0.09582508749855827,-0.02672942940768372,-27.893978607727206,72.1060213922728
Mistral-7B,Arxiv-Clustering,mteb/arxiv-clustering-s2s,47e9d883ac27f79246060596f0693e285cace2eb,test,1024,pca,nmi,0.19659673955054371,42,arxiv-s2s-per-set-minibatch-kmeans-v2,707723,Mistral-7B/Arxiv-Clustering/results.json,4096,0.25,0.2519733476454286,-0.0553766080948849,-21.97716886025964,78.02283113974036
Mistral-7B,Arxiv-Clustering,mteb/arxiv-clustering-s2s,47e9d883ac27f79246060596f0693e285cace2eb,test,512,pca,v_measure,0.17389735908681309,42,arxiv-s2s-per-set-minibatch-kmeans-v2,707723,Mistral-7B/Arxiv-Clustering/results.json,4096,0.125,0.25197334764542856,-0.07807598855861547,-30.985812304435594,69.01418769556442
Mistral-7B,Arxiv-Clustering,mteb/arxiv-clustering-s2s,47e9d883ac27f79246060596f0693e285cace2eb,test,512,pca,adjusted_rand,0.05565587137877378,42,arxiv-s2s-per-set-minibatch-kmeans-v2,707723,Mistral-7B/Arxiv-Clustering/results.json,4096,0.125,0.09582508749855827,-0.04016921611978449,-41.919310661092645,58.080689338907355
Mistral-7B,Arxiv-Clustering,mteb/arxiv-clustering-s2s,47e9d883ac27f79246060596f0693e285cace2eb,test,512,pca,nmi,0.17389735908681309,42,arxiv-s2s-per-set-minibatch-kmeans-v2,707723,Mistral-7B/Arxiv-Clustering/results.json,4096,0.125,0.2519733476454286,-0.07807598855861553,-30.98581230443561,69.01418769556439
Mistral-7B,Banking77,PolyAI/banking77,0b62e79500b84f0fff5a36a4404028f48fbc8621,test,4096,native,accuracy,0.7496753246753247,42,banking77-official-train-test-logistic-v2,3080,Mistral-7B/Banking77/results.json,4096,1.0,0.7496753246753247,0.0,0.0,100.0
Mistral-7B,Banking77,PolyAI/banking77,0b62e79500b84f0fff5a36a4404028f48fbc8621,test,4096,native,macro_f1,0.7362210032305407,42,banking77-official-train-test-logistic-v2,3080,Mistral-7B/Banking77/results.json,4096,1.0,0.7362210032305407,0.0,0.0,100.0
Mistral-7B,Banking77,PolyAI/banking77,0b62e79500b84f0fff5a36a4404028f48fbc8621,test,2048,pca,accuracy,0.8136363636363636,42,banking77-official-train-test-logistic-v2,3080,Mistral-7B/Banking77/results.json,4096,0.5,0.7496753246753247,0.06396103896103889,8.531831961888253,108.53183196188824
Mistral-7B,Banking77,PolyAI/banking77,0b62e79500b84f0fff5a36a4404028f48fbc8621,test,2048,pca,macro_f1,0.8099339096111455,42,banking77-official-train-test-logistic-v2,3080,Mistral-7B/Banking77/results.json,4096,0.5,0.7362210032305407,0.07371290638060479,10.012334075929953,110.01233407592996
Mistral-7B,Banking77,PolyAI/banking77,0b62e79500b84f0fff5a36a4404028f48fbc8621,test,1024,pca,accuracy,0.8074675324675324,42,banking77-official-train-test-logistic-v2,3080,Mistral-7B/Banking77/results.json,4096,0.25,0.7496753246753247,0.05779220779220773,7.708964919878726,107.70896491987874
Mistral-7B,Banking77,PolyAI/banking77,0b62e79500b84f0fff5a36a4404028f48fbc8621,test,1024,pca,macro_f1,0.8034055466951362,42,banking77-official-train-test-logistic-v2,3080,Mistral-7B/Banking77/results.json,4096,0.25,0.7362210032305407,0.06718454346459546,9.125594511673725,109.12559451167371
Mistral-7B,Banking77,PolyAI/banking77,0b62e79500b84f0fff5a36a4404028f48fbc8621,test,512,pca,accuracy,0.7951298701298701,42,banking77-official-train-test-logistic-v2,3080,Mistral-7B/Banking77/results.json,4096,0.125,0.7496753246753247,0.045454545454545414,6.063230835859674,106.06323083585967
Mistral-7B,Banking77,PolyAI/banking77,0b62e79500b84f0fff5a36a4404028f48fbc8621,test,512,pca,macro_f1,0.7897991978123101,42,banking77-official-train-test-logistic-v2,3080,Mistral-7B/Banking77/results.json,4096,0.125,0.7362210032305407,0.05357819458176938,7.277460755217256,107.27746075521725
Mistral-7B,SciFact,mteb/scifact,cf10ab6856b15b0e670ef8ae5dae4e266c12d035,test,4096,native,ndcg_at_10,0.014073883194648286,42,exact-cosine-linear-ndcg-v2,300,Mistral-7B/SciFact/results.json,4096,1.0,0.014073883194648286,0.0,0.0,100.0
Mistral-7B,SciFact,mteb/scifact,cf10ab6856b15b0e670ef8ae5dae4e266c12d035,test,4096,native,recall_at_10,0.018333333333333333,42,exact-cosine-linear-ndcg-v2,300,Mistral-7B/SciFact/results.json,4096,1.0,0.018333333333333333,0.0,0.0,100.0
Mistral-7B,SciFact,mteb/scifact,cf10ab6856b15b0e670ef8ae5dae4e266c12d035,test,4096,native,recall_at_100,0.07111111111111111,42,exact-cosine-linear-ndcg-v2,300,Mistral-7B/SciFact/results.json,4096,1.0,0.07111111111111111,0.0,0.0,100.0
Mistral-7B,SciFact,mteb/scifact,cf10ab6856b15b0e670ef8ae5dae4e266c12d035,test,4096,native,mrr_at_10,0.01280952380952381,42,exact-cosine-linear-ndcg-v2,300,Mistral-7B/SciFact/results.json,4096,1.0,0.01280952380952381,0.0,0.0,100.0
Mistral-7B,SciFact,mteb/scifact,cf10ab6856b15b0e670ef8ae5dae4e266c12d035,test,2048,pca,ndcg_at_10,0.016005180186304483,42,exact-cosine-linear-ndcg-v2,300,Mistral-7B/SciFact/results.json,4096,0.5,0.014073883194648286,0.0019312969916561971,13.72255947378183,113.72255947378183
Mistral-7B,SciFact,mteb/scifact,cf10ab6856b15b0e670ef8ae5dae4e266c12d035,test,2048,pca,recall_at_10,0.02666666666666667,42,exact-cosine-linear-ndcg-v2,300,Mistral-7B/SciFact/results.json,4096,0.5,0.018333333333333333,0.008333333333333335,45.45454545454546,145.45454545454547
Mistral-7B,SciFact,mteb/scifact,cf10ab6856b15b0e670ef8ae5dae4e266c12d035,test,2048,pca,recall_at_100,0.08777777777777777,42,exact-cosine-linear-ndcg-v2,300,Mistral-7B/SciFact/results.json,4096,0.5,0.07111111111111111,0.016666666666666663,23.437499999999996,123.4375
Mistral-7B,SciFact,mteb/scifact,cf10ab6856b15b0e670ef8ae5dae4e266c12d035,test,2048,pca,mrr_at_10,0.012896825396825396,42,exact-cosine-linear-ndcg-v2,300,Mistral-7B/SciFact/results.json,4096,0.5,0.01280952380952381,8.730158730158553e-05,0.6815365551424892,100.68153655514249
Mistral-7B,SciFact,mteb/scifact,cf10ab6856b15b0e670ef8ae5dae4e266c12d035,test,1024,pca,ndcg_at_10,0.013862800594394145,42,exact-cosine-linear-ndcg-v2,300,Mistral-7B/SciFact/results.json,4096,0.25,0.014073883194648286,-0.00021108260025414112,-1.4998177641150743,98.50018223588492
Mistral-7B,SciFact,mteb/scifact,cf10ab6856b15b0e670ef8ae5dae4e266c12d035,test,1024,pca,recall_at_10,0.021666666666666667,42,exact-cosine-linear-ndcg-v2,300,Mistral-7B/SciFact/results.json,4096,0.25,0.018333333333333333,0.003333333333333334,18.181818181818183,118.18181818181819
Mistral-7B,SciFact,mteb/scifact,cf10ab6856b15b0e670ef8ae5dae4e266c12d035,test,1024,pca,recall_at_100,0.06444444444444444,42,exact-cosine-linear-ndcg-v2,300,Mistral-7B/SciFact/results.json,4096,0.25,0.07111111111111111,-0.006666666666666668,-9.375000000000002,90.625
Mistral-7B,SciFact,mteb/scifact,cf10ab6856b15b0e670ef8ae5dae4e266c12d035,test,1024,pca,mrr_at_10,0.0115,42,exact-cosine-linear-ndcg-v2,300,Mistral-7B/SciFact/results.json,4096,0.25,0.01280952380952381,-0.0013095238095238108,-10.223048327137555,89.77695167286245
Mistral-7B,SciFact,mteb/scifact,cf10ab6856b15b0e670ef8ae5dae4e266c12d035,test,512,pca,ndcg_at_10,0.010908298125416549,42,exact-cosine-linear-ndcg-v2,300,Mistral-7B/SciFact/results.json,4096,0.125,0.014073883194648286,-0.003165585069231737,-22.49262002142719,77.50737997857281
Mistral-7B,SciFact,mteb/scifact,cf10ab6856b15b0e670ef8ae5dae4e266c12d035,test,512,pca,recall_at_10,0.018333333333333333,42,exact-cosine-linear-ndcg-v2,300,Mistral-7B/SciFact/results.json,4096,0.125,0.018333333333333333,0.0,0.0,100.0
Mistral-7B,SciFact,mteb/scifact,cf10ab6856b15b0e670ef8ae5dae4e266c12d035,test,512,pca,recall_at_100,0.04777777777777777,42,exact-cosine-linear-ndcg-v2,300,Mistral-7B/SciFact/results.json,4096,0.125,0.07111111111111111,-0.023333333333333338,-32.81250000000001,67.18749999999999
Mistral-7B,SciFact,mteb/scifact,cf10ab6856b15b0e670ef8ae5dae4e266c12d035,test,512,pca,mrr_at_10,0.008796296296296297,42,exact-cosine-linear-ndcg-v2,300,Mistral-7B/SciFact/results.json,4096,0.125,0.01280952380952381,-0.004013227513227514,-31.330028913672038,68.66997108632796
Mistral-7B,STSB,mteb/stsbenchmark-sts,96943a16ea6a35129e253c659081cb59daf81b30,validation,4096,native,cosine_spearman,0.4383971846048602,42,sts-validation-final-v2,1500,Mistral-7B/STSB/results.json,4096,1.0,0.4383971846048602,0.0,0.0,100.0
Mistral-7B,STSB,mteb/stsbenchmark-sts,96943a16ea6a35129e253c659081cb59daf81b30,validation,2048,pca,cosine_spearman,0.49920545482729706,42,sts-validation-final-v2,1500,Mistral-7B/STSB/results.json,4096,0.5,0.4383971846048602,0.060808270222436844,13.870588671148758,113.87058867114877
Mistral-7B,STSB,mteb/stsbenchmark-sts,96943a16ea6a35129e253c659081cb59daf81b30,validation,1024,pca,cosine_spearman,0.48641039261650515,42,sts-validation-final-v2,1500,Mistral-7B/STSB/results.json,4096,0.25,0.4383971846048602,0.04801320801164494,10.951988219294929,110.95198821929493
Mistral-7B,STSB,mteb/stsbenchmark-sts,96943a16ea6a35129e253c659081cb59daf81b30,validation,512,pca,cosine_spearman,0.4681518159591271,42,sts-validation-final-v2,1500,Mistral-7B/STSB/results.json,4096,0.125,0.4383971846048602,0.02975463135426687,6.787140154899846,106.78714015489984
Phi4-mini,Arxiv-Clustering,mteb/arxiv-clustering-s2s,47e9d883ac27f79246060596f0693e285cace2eb,test,3072,native,v_measure,0.1510579660473465,42,arxiv-s2s-per-set-minibatch-kmeans-v2,707723,Phi4-mini/Arxiv-Clustering/results.json,3072,1.0,0.1510579660473465,0.0,0.0,100.0
Phi4-mini,Arxiv-Clustering,mteb/arxiv-clustering-s2s,47e9d883ac27f79246060596f0693e285cace2eb,test,3072,native,adjusted_rand,0.03977802920370218,42,arxiv-s2s-per-set-minibatch-kmeans-v2,707723,Phi4-mini/Arxiv-Clustering/results.json,3072,1.0,0.03977802920370218,0.0,0.0,100.0
Phi4-mini,Arxiv-Clustering,mteb/arxiv-clustering-s2s,47e9d883ac27f79246060596f0693e285cace2eb,test,3072,native,nmi,0.1510579660473465,42,arxiv-s2s-per-set-minibatch-kmeans-v2,707723,Phi4-mini/Arxiv-Clustering/results.json,3072,1.0,0.1510579660473465,0.0,0.0,100.0
Phi4-mini,Arxiv-Clustering,mteb/arxiv-clustering-s2s,47e9d883ac27f79246060596f0693e285cace2eb,test,1536,pca,v_measure,0.1288701528936202,42,arxiv-s2s-per-set-minibatch-kmeans-v2,707723,Phi4-mini/Arxiv-Clustering/results.json,3072,0.5,0.1510579660473465,-0.02218781315372631,-14.688277443621825,85.31172255637817
Phi4-mini,Arxiv-Clustering,mteb/arxiv-clustering-s2s,47e9d883ac27f79246060596f0693e285cace2eb,test,1536,pca,adjusted_rand,0.029082672570300474,42,arxiv-s2s-per-set-minibatch-kmeans-v2,707723,Phi4-mini/Arxiv-Clustering/results.json,3072,0.5,0.03977802920370218,-0.010695356633401706,-26.88759812264977,73.11240187735024
Phi4-mini,Arxiv-Clustering,mteb/arxiv-clustering-s2s,47e9d883ac27f79246060596f0693e285cace2eb,test,1536,pca,nmi,0.1288701528936202,42,arxiv-s2s-per-set-minibatch-kmeans-v2,707723,Phi4-mini/Arxiv-Clustering/results.json,3072,0.5,0.1510579660473465,-0.02218781315372631,-14.688277443621825,85.31172255637817
Phi4-mini,Arxiv-Clustering,mteb/arxiv-clustering-s2s,47e9d883ac27f79246060596f0693e285cace2eb,test,768,pca,v_measure,0.10928802739670442,42,arxiv-s2s-per-set-minibatch-kmeans-v2,707723,Phi4-mini/Arxiv-Clustering/results.json,3072,0.25,0.1510579660473465,-0.04176993865064209,-27.651596101558805,72.34840389844119
Phi4-mini,Arxiv-Clustering,mteb/arxiv-clustering-s2s,47e9d883ac27f79246060596f0693e285cace2eb,test,768,pca,adjusted_rand,0.020476880398244645,42,arxiv-s2s-per-set-minibatch-kmeans-v2,707723,Phi4-mini/Arxiv-Clustering/results.json,3072,0.25,0.03977802920370218,-0.019301148805457535,-48.52213443410404,51.47786556589596
Phi4-mini,Arxiv-Clustering,mteb/arxiv-clustering-s2s,47e9d883ac27f79246060596f0693e285cace2eb,test,768,pca,nmi,0.10928802739670442,42,arxiv-s2s-per-set-minibatch-kmeans-v2,707723,Phi4-mini/Arxiv-Clustering/results.json,3072,0.25,0.1510579660473465,-0.04176993865064209,-27.651596101558805,72.34840389844119
Phi4-mini,Arxiv-Clustering,mteb/arxiv-clustering-s2s,47e9d883ac27f79246060596f0693e285cace2eb,test,384,pca,v_measure,0.09636799876486538,42,arxiv-s2s-per-set-minibatch-kmeans-v2,707723,Phi4-mini/Arxiv-Clustering/results.json,3072,0.125,0.1510579660473465,-0.05468996728248113,-36.20462310828381,63.79537689171618
Phi4-mini,Arxiv-Clustering,mteb/arxiv-clustering-s2s,47e9d883ac27f79246060596f0693e285cace2eb,test,384,pca,adjusted_rand,0.01819335472652344,42,arxiv-s2s-per-set-minibatch-kmeans-v2,707723,Phi4-mini/Arxiv-Clustering/results.json,3072,0.125,0.03977802920370218,-0.02158467447717874,-54.26280514462952,45.737194855370475
Phi4-mini,Arxiv-Clustering,mteb/arxiv-clustering-s2s,47e9d883ac27f79246060596f0693e285cace2eb,test,384,pca,nmi,0.09636799876486538,42,arxiv-s2s-per-set-minibatch-kmeans-v2,707723,Phi4-mini/Arxiv-Clustering/results.json,3072,0.125,0.1510579660473465,-0.05468996728248113,-36.20462310828381,63.79537689171618
Phi4-mini,Banking77,PolyAI/banking77,0b62e79500b84f0fff5a36a4404028f48fbc8621,test,3072,native,accuracy,0.47954545454545455,42,banking77-official-train-test-logistic-v2,3080,Phi4-mini/Banking77/results.json,3072,1.0,0.47954545454545455,0.0,0.0,100.0
Phi4-mini,Banking77,PolyAI/banking77,0b62e79500b84f0fff5a36a4404028f48fbc8621,test,3072,native,macro_f1,0.4520862602302734,42,banking77-official-train-test-logistic-v2,3080,Phi4-mini/Banking77/results.json,3072,1.0,0.4520862602302734,0.0,0.0,100.0
Phi4-mini,Banking77,PolyAI/banking77,0b62e79500b84f0fff5a36a4404028f48fbc8621,test,1536,pca,accuracy,0.7295454545454545,42,banking77-official-train-test-logistic-v2,3080,Phi4-mini/Banking77/results.json,3072,0.5,0.47954545454545455,0.24999999999999994,52.13270142180093,152.13270142180093
Phi4-mini,Banking77,PolyAI/banking77,0b62e79500b84f0fff5a36a4404028f48fbc8621,test,1536,pca,macro_f1,0.7207601361193946,42,banking77-official-train-test-logistic-v2,3080,Phi4-mini/Banking77/results.json,3072,0.5,0.4520862602302734,0.2686738758891212,59.42978133249842,159.4297813324984
Phi4-mini,Banking77,PolyAI/banking77,0b62e79500b84f0fff5a36a4404028f48fbc8621,test,768,pca,accuracy,0.714935064935065,42,banking77-official-train-test-logistic-v2,3080,Phi4-mini/Banking77/results.json,3072,0.25,0.47954545454545455,0.23538961038961043,49.08598510494245,149.08598510494247
Phi4-mini,Banking77,PolyAI/banking77,0b62e79500b84f0fff5a36a4404028f48fbc8621,test,768,pca,macro_f1,0.705057105780194,42,banking77-official-train-test-logistic-v2,3080,Phi4-mini/Banking77/results.json,3072,0.25,0.4520862602302734,0.2529708455499206,55.95632245515891,155.95632245515893
Phi4-mini,Banking77,PolyAI/banking77,0b62e79500b84f0fff5a36a4404028f48fbc8621,test,384,pca,accuracy,0.6931818181818182,42,banking77-official-train-test-logistic-v2,3080,Phi4-mini/Banking77/results.json,3072,0.125,0.47954545454545455,0.21363636363636368,44.54976303317536,144.54976303317537
Phi4-mini,Banking77,PolyAI/banking77,0b62e79500b84f0fff5a36a4404028f48fbc8621,test,384,pca,macro_f1,0.6824307801717159,42,banking77-official-train-test-logistic-v2,3080,Phi4-mini/Banking77/results.json,3072,0.125,0.4520862602302734,0.2303445199414425,50.951453340810424,150.95145334081042
Phi4-mini,SciFact,mteb/scifact,cf10ab6856b15b0e670ef8ae5dae4e266c12d035,test,3072,native,ndcg_at_10,0.01618770722864699,42,exact-cosine-linear-ndcg-v2,300,Phi4-mini/SciFact/results.json,3072,1.0,0.01618770722864699,0.0,0.0,100.0
Phi4-mini,SciFact,mteb/scifact,cf10ab6856b15b0e670ef8ae5dae4e266c12d035,test,3072,native,recall_at_10,0.02666666666666667,42,exact-cosine-linear-ndcg-v2,300,Phi4-mini/SciFact/results.json,3072,1.0,0.02666666666666667,0.0,0.0,100.0
Phi4-mini,SciFact,mteb/scifact,cf10ab6856b15b0e670ef8ae5dae4e266c12d035,test,3072,native,recall_at_100,0.08744444444444445,42,exact-cosine-linear-ndcg-v2,300,Phi4-mini/SciFact/results.json,3072,1.0,0.08744444444444445,0.0,0.0,100.0
Phi4-mini,SciFact,mteb/scifact,cf10ab6856b15b0e670ef8ae5dae4e266c12d035,test,3072,native,mrr_at_10,0.013337301587301589,42,exact-cosine-linear-ndcg-v2,300,Phi4-mini/SciFact/results.json,3072,1.0,0.013337301587301589,0.0,0.0,100.0
Phi4-mini,SciFact,mteb/scifact,cf10ab6856b15b0e670ef8ae5dae4e266c12d035,test,1536,pca,ndcg_at_10,0.02553067073597445,42,exact-cosine-linear-ndcg-v2,300,Phi4-mini/SciFact/results.json,3072,0.5,0.01618770722864699,0.00934296350732746,57.71641020782391,157.7164102078239
Phi4-mini,SciFact,mteb/scifact,cf10ab6856b15b0e670ef8ae5dae4e266c12d035,test,1536,pca,recall_at_10,0.03611111111111111,42,exact-cosine-linear-ndcg-v2,300,Phi4-mini/SciFact/results.json,3072,0.5,0.02666666666666667,0.00944444444444444,35.41666666666665,135.41666666666666
Phi4-mini,SciFact,mteb/scifact,cf10ab6856b15b0e670ef8ae5dae4e266c12d035,test,1536,pca,recall_at_100,0.11511111111111111,42,exact-cosine-linear-ndcg-v2,300,Phi4-mini/SciFact/results.json,3072,0.5,0.08744444444444445,0.02766666666666666,31.63913595933925,131.63913595933926
Phi4-mini,SciFact,mteb/scifact,cf10ab6856b15b0e670ef8ae5dae4e266c12d035,test,1536,pca,mrr_at_10,0.02325925925925926,42,exact-cosine-linear-ndcg-v2,300,Phi4-mini/SciFact/results.json,3072,0.5,0.013337301587301589,0.009921957671957672,74.39254190221163,174.39254190221163
Phi4-mini,SciFact,mteb/scifact,cf10ab6856b15b0e670ef8ae5dae4e266c12d035,test,768,pca,ndcg_at_10,0.017988036381672047,42,exact-cosine-linear-ndcg-v2,300,Phi4-mini/SciFact/results.json,3072,0.25,0.01618770722864699,0.0018003291530250577,11.121582121519094,111.1215821215191
Phi4-mini,SciFact,mteb/scifact,cf10ab6856b15b0e670ef8ae5dae4e266c12d035,test,768,pca,recall_at_10,0.027777777777777773,42,exact-cosine-linear-ndcg-v2,300,Phi4-mini/SciFact/results.json,3072,0.25,0.02666666666666667,0.0011111111111111044,4.166666666666641,104.16666666666666
Phi4-mini,SciFact,mteb/scifact,cf10ab6856b15b0e670ef8ae5dae4e266c12d035,test,768,pca,recall_at_100,0.07344444444444444,42,exact-cosine-linear-ndcg-v2,300,Phi4-mini/SciFact/results.json,3072,0.25,0.08744444444444445,-0.014000000000000012,-16.010165184243977,83.98983481575603
Phi4-mini,SciFact,mteb/scifact,cf10ab6856b15b0e670ef8ae5dae4e266c12d035,test,768,pca,mrr_at_10,0.015337301587301587,42,exact-cosine-linear-ndcg-v2,300,Phi4-mini/SciFact/results.json,3072,0.25,0.013337301587301589,0.0019999999999999983,14.995537042546848,114.99553704254683
Phi4-mini,SciFact,mteb/scifact,cf10ab6856b15b0e670ef8ae5dae4e266c12d035,test,384,pca,ndcg_at_10,0.007292942676328409,42,exact-cosine-linear-ndcg-v2,300,Phi4-mini/SciFact/results.json,3072,0.125,0.01618770722864699,-0.00889476455231858,-54.947649019607496,45.0523509803925
Phi4-mini,SciFact,mteb/scifact,cf10ab6856b15b0e670ef8ae5dae4e266c12d035,test,384,pca,recall_at_10,0.013333333333333334,42,exact-cosine-linear-ndcg-v2,300,Phi4-mini/SciFact/results.json,3072,0.125,0.02666666666666667,-0.013333333333333334,-50.0,50.0
Phi4-mini,SciFact,mteb/scifact,cf10ab6856b15b0e670ef8ae5dae4e266c12d035,test,384,pca,recall_at_100,0.05261111111111111,42,exact-cosine-linear-ndcg-v2,300,Phi4-mini/SciFact/results.json,3072,0.125,0.08744444444444445,-0.03483333333333334,-39.83481575603559,60.16518424396442
Phi4-mini,SciFact,mteb/scifact,cf10ab6856b15b0e670ef8ae5dae4e266c12d035,test,384,pca,mrr_at_10,0.005481481481481481,42,exact-cosine-linear-ndcg-v2,300,Phi4-mini/SciFact/results.json,3072,0.125,0.013337301587301589,-0.007855820105820107,-58.901120698204906,41.098879301795094
Phi4-mini,STSB,mteb/stsbenchmark-sts,96943a16ea6a35129e253c659081cb59daf81b30,validation,3072,native,cosine_spearman,0.33230536100007413,42,sts-validation-final-v2,1500,Phi4-mini/STSB/results.json,3072,1.0,0.33230536100007413,0.0,0.0,100.0
Phi4-mini,STSB,mteb/stsbenchmark-sts,96943a16ea6a35129e253c659081cb59daf81b30,validation,1536,pca,cosine_spearman,0.36062150331714693,42,sts-validation-final-v2,1500,Phi4-mini/STSB/results.json,3072,0.5,0.33230536100007413,0.0283161423170728,8.52112112541768,108.52112112541768
Phi4-mini,STSB,mteb/stsbenchmark-sts,96943a16ea6a35129e253c659081cb59daf81b30,validation,768,pca,cosine_spearman,0.3484105856375933,42,sts-validation-final-v2,1500,Phi4-mini/STSB/results.json,3072,0.25,0.33230536100007413,0.016105224637519178,4.846513637050708,104.8465136370507
Phi4-mini,STSB,mteb/stsbenchmark-sts,96943a16ea6a35129e253c659081cb59daf81b30,validation,384,pca,cosine_spearman,0.3345557006313494,42,sts-validation-final-v2,1500,Phi4-mini/STSB/results.json,3072,0.125,0.33230536100007413,0.0022503396312752444,0.6771902880238945,100.6771902880239
Qwen3-8B,Arxiv-Clustering,mteb/arxiv-clustering-s2s,47e9d883ac27f79246060596f0693e285cace2eb,test,4096,native,v_measure,0.22999758619587343,42,arxiv-s2s-per-set-minibatch-kmeans-v2,707723,Qwen3-8B/Arxiv-Clustering/results.json,4096,1.0,0.22999758619587343,0.0,0.0,100.0
Qwen3-8B,Arxiv-Clustering,mteb/arxiv-clustering-s2s,47e9d883ac27f79246060596f0693e285cace2eb,test,4096,native,adjusted_rand,0.08167974442159451,42,arxiv-s2s-per-set-minibatch-kmeans-v2,707723,Qwen3-8B/Arxiv-Clustering/results.json,4096,1.0,0.08167974442159451,0.0,0.0,100.0
Qwen3-8B,Arxiv-Clustering,mteb/arxiv-clustering-s2s,47e9d883ac27f79246060596f0693e285cace2eb,test,4096,native,nmi,0.22999758619587343,42,arxiv-s2s-per-set-minibatch-kmeans-v2,707723,Qwen3-8B/Arxiv-Clustering/results.json,4096,1.0,0.22999758619587343,0.0,0.0,100.0
Qwen3-8B,Arxiv-Clustering,mteb/arxiv-clustering-s2s,47e9d883ac27f79246060596f0693e285cace2eb,test,2048,pca,v_measure,0.21229448349928223,42,arxiv-s2s-per-set-minibatch-kmeans-v2,707723,Qwen3-8B/Arxiv-Clustering/results.json,4096,0.5,0.22999758619587343,-0.0177031026965912,-7.697081951770859,92.30291804822915
Qwen3-8B,Arxiv-Clustering,mteb/arxiv-clustering-s2s,47e9d883ac27f79246060596f0693e285cace2eb,test,2048,pca,adjusted_rand,0.0693405559343004,42,arxiv-s2s-per-set-minibatch-kmeans-v2,707723,Qwen3-8B/Arxiv-Clustering/results.json,4096,0.5,0.08167974442159451,-0.012339188487294109,-15.106791254885307,84.89320874511469
Qwen3-8B,Arxiv-Clustering,mteb/arxiv-clustering-s2s,47e9d883ac27f79246060596f0693e285cace2eb,test,2048,pca,nmi,0.21229448349928223,42,arxiv-s2s-per-set-minibatch-kmeans-v2,707723,Qwen3-8B/Arxiv-Clustering/results.json,4096,0.5,0.22999758619587343,-0.0177031026965912,-7.697081951770859,92.30291804822915
Qwen3-8B,Arxiv-Clustering,mteb/arxiv-clustering-s2s,47e9d883ac27f79246060596f0693e285cace2eb,test,1024,pca,v_measure,0.18500285291654384,42,arxiv-s2s-per-set-minibatch-kmeans-v2,707723,Qwen3-8B/Arxiv-Clustering/results.json,4096,0.25,0.22999758619587343,-0.044994733279329596,-19.563132823929127,80.43686717607088
Qwen3-8B,Arxiv-Clustering,mteb/arxiv-clustering-s2s,47e9d883ac27f79246060596f0693e285cace2eb,test,1024,pca,adjusted_rand,0.056712832155709256,42,arxiv-s2s-per-set-minibatch-kmeans-v2,707723,Qwen3-8B/Arxiv-Clustering/results.json,4096,0.25,0.08167974442159451,-0.024966912265885252,-30.566834461451243,69.43316553854876
Qwen3-8B,Arxiv-Clustering,mteb/arxiv-clustering-s2s,47e9d883ac27f79246060596f0693e285cace2eb,test,1024,pca,nmi,0.18500285291654384,42,arxiv-s2s-per-set-minibatch-kmeans-v2,707723,Qwen3-8B/Arxiv-Clustering/results.json,4096,0.25,0.22999758619587343,-0.044994733279329596,-19.563132823929127,80.43686717607088
Qwen3-8B,Arxiv-Clustering,mteb/arxiv-clustering-s2s,47e9d883ac27f79246060596f0693e285cace2eb,test,512,pca,v_measure,0.16288077160178396,42,arxiv-s2s-per-set-minibatch-kmeans-v2,707723,Qwen3-8B/Arxiv-Clustering/results.json,4096,0.125,0.22999758619587343,-0.06711681459408947,-29.181529990897644,70.81847000910236
Qwen3-8B,Arxiv-Clustering,mteb/arxiv-clustering-s2s,47e9d883ac27f79246060596f0693e285cace2eb,test,512,pca,adjusted_rand,0.04754260869228077,42,arxiv-s2s-per-set-minibatch-kmeans-v2,707723,Qwen3-8B/Arxiv-Clustering/results.json,4096,0.125,0.08167974442159451,-0.03413713572931374,-41.79388166680962,58.20611833319038
Qwen3-8B,Arxiv-Clustering,mteb/arxiv-clustering-s2s,47e9d883ac27f79246060596f0693e285cace2eb,test,512,pca,nmi,0.1628807716017839,42,arxiv-s2s-per-set-minibatch-kmeans-v2,707723,Qwen3-8B/Arxiv-Clustering/results.json,4096,0.125,0.22999758619587343,-0.06711681459408952,-29.18152999089767,70.81847000910233
Qwen3-8B,Arxiv-Clustering,mteb/arxiv-clustering-s2s,47e9d883ac27f79246060596f0693e285cace2eb,test,256,pca,v_measure,0.14743846262260324,42,arxiv-s2s-per-set-minibatch-kmeans-v2,707723,Qwen3-8B/Arxiv-Clustering/results.json,4096,0.0625,0.22999758619587343,-0.0825591235732702,-35.8956478364778,64.10435216352221
Qwen3-8B,Arxiv-Clustering,mteb/arxiv-clustering-s2s,47e9d883ac27f79246060596f0693e285cace2eb,test,256,pca,adjusted_rand,0.04092623728948093,42,arxiv-s2s-per-set-minibatch-kmeans-v2,707723,Qwen3-8B/Arxiv-Clustering/results.json,4096,0.0625,0.08167974442159451,-0.04075350713211358,-49.894263774580516,50.105736225419484
Qwen3-8B,Arxiv-Clustering,mteb/arxiv-clustering-s2s,47e9d883ac27f79246060596f0693e285cace2eb,test,256,pca,nmi,0.14743846262260324,42,arxiv-s2s-per-set-minibatch-kmeans-v2,707723,Qwen3-8B/Arxiv-Clustering/results.json,4096,0.0625,0.22999758619587343,-0.0825591235732702,-35.8956478364778,64.10435216352221
Qwen3-8B,Banking77,PolyAI/banking77,0b62e79500b84f0fff5a36a4404028f48fbc8621,test,4096,native,accuracy,0.4577922077922078,42,banking77-official-train-test-logistic-v2,3080,Qwen3-8B/Banking77/results.json,4096,1.0,0.4577922077922078,0.0,0.0,100.0
Qwen3-8B,Banking77,PolyAI/banking77,0b62e79500b84f0fff5a36a4404028f48fbc8621,test,4096,native,macro_f1,0.4331507122728111,42,banking77-official-train-test-logistic-v2,3080,Qwen3-8B/Banking77/results.json,4096,1.0,0.4331507122728111,0.0,0.0,100.0
Qwen3-8B,Banking77,PolyAI/banking77,0b62e79500b84f0fff5a36a4404028f48fbc8621,test,2048,pca,accuracy,0.7717532467532467,42,banking77-official-train-test-logistic-v2,3080,Qwen3-8B/Banking77/results.json,4096,0.5,0.4577922077922078,0.31396103896103894,68.58156028368793,168.58156028368793
Qwen3-8B,Banking77,PolyAI/banking77,0b62e79500b84f0fff5a36a4404028f48fbc8621,test,2048,pca,macro_f1,0.7635073792892353,42,banking77-official-train-test-logistic-v2,3080,Qwen3-8B/Banking77/results.json,4096,0.5,0.4331507122728111,0.3303566670164242,76.26829592014057,176.26829592014056
Qwen3-8B,Banking77,PolyAI/banking77,0b62e79500b84f0fff5a36a4404028f48fbc8621,test,1024,pca,accuracy,0.763961038961039,42,banking77-official-train-test-logistic-v2,3080,Qwen3-8B/Banking77/results.json,4096,0.25,0.4577922077922078,0.30616883116883115,66.87943262411348,166.87943262411346
Qwen3-8B,Banking77,PolyAI/banking77,0b62e79500b84f0fff5a36a4404028f48fbc8621,test,1024,pca,macro_f1,0.7553169932347974,42,banking77-official-train-test-logistic-v2,3080,Qwen3-8B/Banking77/results.json,4096,0.25,0.4331507122728111,0.3221662809619863,74.37740994849767,174.37740994849767
Qwen3-8B,Banking77,PolyAI/banking77,0b62e79500b84f0fff5a36a4404028f48fbc8621,test,512,pca,accuracy,0.7532467532467533,42,banking77-official-train-test-logistic-v2,3080,Qwen3-8B/Banking77/results.json,4096,0.125,0.4577922077922078,0.29545454545454547,64.53900709219859,164.53900709219857
Qwen3-8B,Banking77,PolyAI/banking77,0b62e79500b84f0fff5a36a4404028f48fbc8621,test,512,pca,macro_f1,0.7435432866180199,42,banking77-official-train-test-logistic-v2,3080,Qwen3-8B/Banking77/results.json,4096,0.125,0.4331507122728111,0.31039257434520884,71.65925520854609,171.65925520854609
Qwen3-8B,Banking77,PolyAI/banking77,0b62e79500b84f0fff5a36a4404028f48fbc8621,test,256,pca,accuracy,0.7292207792207792,42,banking77-official-train-test-logistic-v2,3080,Qwen3-8B/Banking77/results.json,4096,0.0625,0.4577922077922078,0.2714285714285714,59.29078014184397,159.29078014184398
Qwen3-8B,Banking77,PolyAI/banking77,0b62e79500b84f0fff5a36a4404028f48fbc8621,test,256,pca,macro_f1,0.7189054179446787,42,banking77-official-train-test-logistic-v2,3080,Qwen3-8B/Banking77/results.json,4096,0.0625,0.4331507122728111,0.28575470567186756,65.97119606994686,165.97119606994687
Qwen3-8B,SciFact,mteb/scifact,cf10ab6856b15b0e670ef8ae5dae4e266c12d035,test,4096,native,ndcg_at_10,0.0223646252325652,42,exact-cosine-linear-ndcg-v2,300,Qwen3-8B/SciFact/results.json,4096,1.0,0.0223646252325652,0.0,0.0,100.0
Qwen3-8B,SciFact,mteb/scifact,cf10ab6856b15b0e670ef8ae5dae4e266c12d035,test,4096,native,recall_at_10,0.03666666666666667,42,exact-cosine-linear-ndcg-v2,300,Qwen3-8B/SciFact/results.json,4096,1.0,0.03666666666666667,0.0,0.0,100.0
Qwen3-8B,SciFact,mteb/scifact,cf10ab6856b15b0e670ef8ae5dae4e266c12d035,test,4096,native,recall_at_100,0.12666666666666668,42,exact-cosine-linear-ndcg-v2,300,Qwen3-8B/SciFact/results.json,4096,1.0,0.12666666666666668,0.0,0.0,100.0
Qwen3-8B,SciFact,mteb/scifact,cf10ab6856b15b0e670ef8ae5dae4e266c12d035,test,4096,native,mrr_at_10,0.018948412698412697,42,exact-cosine-linear-ndcg-v2,300,Qwen3-8B/SciFact/results.json,4096,1.0,0.018948412698412697,0.0,0.0,100.0
Qwen3-8B,SciFact,mteb/scifact,cf10ab6856b15b0e670ef8ae5dae4e266c12d035,test,2048,pca,ndcg_at_10,0.02199145890808181,42,exact-cosine-linear-ndcg-v2,300,Qwen3-8B/SciFact/results.json,4096,0.5,0.0223646252325652,-0.00037316632448338924,-1.6685561264850557,98.33144387351494
Qwen3-8B,SciFact,mteb/scifact,cf10ab6856b15b0e670ef8ae5dae4e266c12d035,test,2048,pca,recall_at_10,0.04,42,exact-cosine-linear-ndcg-v2,300,Qwen3-8B/SciFact/results.json,4096,0.5,0.03666666666666667,0.003333333333333334,9.090909090909092,109.09090909090908
Qwen3-8B,SciFact,mteb/scifact,cf10ab6856b15b0e670ef8ae5dae4e266c12d035,test,2048,pca,recall_at_100,0.135,42,exact-cosine-linear-ndcg-v2,300,Qwen3-8B/SciFact/results.json,4096,0.5,0.12666666666666668,0.008333333333333331,6.57894736842105,106.57894736842104
Qwen3-8B,SciFact,mteb/scifact,cf10ab6856b15b0e670ef8ae5dae4e266c12d035,test,2048,pca,mrr_at_10,0.01753703703703704,42,exact-cosine-linear-ndcg-v2,300,Qwen3-8B/SciFact/results.json,4096,0.5,0.018948412698412697,-0.0014113756613756585,-7.448516579406617,92.55148342059339
Qwen3-8B,SciFact,mteb/scifact,cf10ab6856b15b0e670ef8ae5dae4e266c12d035,test,1024,pca,ndcg_at_10,0.014637952612364303,42,exact-cosine-linear-ndcg-v2,300,Qwen3-8B/SciFact/results.json,4096,0.25,0.0223646252325652,-0.007726672620200896,-34.54863446113134,65.45136553886866
Qwen3-8B,SciFact,mteb/scifact,cf10ab6856b15b0e670ef8ae5dae4e266c12d035,test,1024,pca,recall_at_10,0.02666666666666667,42,exact-cosine-linear-ndcg-v2,300,Qwen3-8B/SciFact/results.json,4096,0.25,0.03666666666666667,-0.009999999999999998,-27.27272727272727,72.72727272727273
Qwen3-8B,SciFact,mteb/scifact,cf10ab6856b15b0e670ef8ae5dae4e266c12d035,test,1024,pca,recall_at_100,0.12,42,exact-cosine-linear-ndcg-v2,300,Qwen3-8B/SciFact/results.json,4096,0.25,0.12666666666666668,-0.006666666666666682,-5.263157894736854,94.73684210526314
Qwen3-8B,SciFact,mteb/scifact,cf10ab6856b15b0e670ef8ae5dae4e266c12d035,test,1024,pca,mrr_at_10,0.011642857142857142,42,exact-cosine-linear-ndcg-v2,300,Qwen3-8B/SciFact/results.json,4096,0.25,0.018948412698412697,-0.007305555555555555,-38.55497382198953,61.44502617801047
Qwen3-8B,SciFact,mteb/scifact,cf10ab6856b15b0e670ef8ae5dae4e266c12d035,test,512,pca,ndcg_at_10,0.00927971723966932,42,exact-cosine-linear-ndcg-v2,300,Qwen3-8B/SciFact/results.json,4096,0.125,0.0223646252325652,-0.013084907992895878,-58.50716413455882,41.49283586544118
Qwen3-8B,SciFact,mteb/scifact,cf10ab6856b15b0e670ef8ae5dae4e266c12d035,test,512,pca,recall_at_10,0.016666666666666666,42,exact-cosine-linear-ndcg-v2,300,Qwen3-8B/SciFact/results.json,4096,0.125,0.03666666666666667,-0.02,-54.54545454545455,45.45454545454545
Qwen3-8B,SciFact,mteb/scifact,cf10ab6856b15b0e670ef8ae5dae4e266c12d035,test,512,pca,recall_at_100,0.1,42,exact-cosine-linear-ndcg-v2,300,Qwen3-8B/SciFact/results.json,4096,0.125,0.12666666666666668,-0.026666666666666672,-21.05263157894737,78.94736842105263
Qwen3-8B,SciFact,mteb/scifact,cf10ab6856b15b0e670ef8ae5dae4e266c12d035,test,512,pca,mrr_at_10,0.007750000000000001,42,exact-cosine-linear-ndcg-v2,300,Qwen3-8B/SciFact/results.json,4096,0.125,0.018948412698412697,-0.011198412698412697,-59.09947643979057,40.900523560209436
Qwen3-8B,SciFact,mteb/scifact,cf10ab6856b15b0e670ef8ae5dae4e266c12d035,test,256,pca,ndcg_at_10,0.005311349666257729,42,exact-cosine-linear-ndcg-v2,300,Qwen3-8B/SciFact/results.json,4096,0.0625,0.0223646252325652,-0.01705327556630747,-76.2511125895199,23.748887410480084
Qwen3-8B,SciFact,mteb/scifact,cf10ab6856b15b0e670ef8ae5dae4e266c12d035,test,256,pca,recall_at_10,0.008333333333333333,42,exact-cosine-linear-ndcg-v2,300,Qwen3-8B/SciFact/results.json,4096,0.0625,0.03666666666666667,-0.028333333333333335,-77.27272727272728,22.727272727272727
Qwen3-8B,SciFact,mteb/scifact,cf10ab6856b15b0e670ef8ae5dae4e266c12d035,test,256,pca,recall_at_100,0.08,42,exact-cosine-linear-ndcg-v2,300,Qwen3-8B/SciFact/results.json,4096,0.0625,0.12666666666666668,-0.046666666666666676,-36.842105263157904,63.1578947368421
Qwen3-8B,SciFact,mteb/scifact,cf10ab6856b15b0e670ef8ae5dae4e266c12d035,test,256,pca,mrr_at_10,0.004555555555555556,42,exact-cosine-linear-ndcg-v2,300,Qwen3-8B/SciFact/results.json,4096,0.0625,0.018948412698412697,-0.014392857142857141,-75.95811518324606,24.04188481675393
Qwen3-8B,STSB,mteb/stsbenchmark-sts,96943a16ea6a35129e253c659081cb59daf81b30,validation,4096,native,cosine_spearman,0.31935808217013295,42,sts-validation-final-v2,1500,Qwen3-8B/STSB/results.json,4096,1.0,0.31935808217013295,0.0,0.0,100.0
Qwen3-8B,STSB,mteb/stsbenchmark-sts,96943a16ea6a35129e253c659081cb59daf81b30,validation,2048,pca,cosine_spearman,0.4307390090013596,42,sts-validation-final-v2,1500,Qwen3-8B/STSB/results.json,4096,0.5,0.31935808217013295,0.11138092683122663,34.87650166056866,134.87650166056866
Qwen3-8B,STSB,mteb/stsbenchmark-sts,96943a16ea6a35129e253c659081cb59daf81b30,validation,1024,pca,cosine_spearman,0.42077745230471897,42,sts-validation-final-v2,1500,Qwen3-8B/STSB/results.json,4096,0.25,0.31935808217013295,0.10141937013458602,31.757258011261623,131.75725801126163
Qwen3-8B,STSB,mteb/stsbenchmark-sts,96943a16ea6a35129e253c659081cb59daf81b30,validation,512,pca,cosine_spearman,0.4081462015948755,42,sts-validation-final-v2,1500,Qwen3-8B/STSB/results.json,4096,0.125,0.31935808217013295,0.08878811942474257,27.802058060156472,127.80205806015647
Qwen3-8B,STSB,mteb/stsbenchmark-sts,96943a16ea6a35129e253c659081cb59daf81b30,validation,256,pca,cosine_spearman,0.39212480476589734,42,sts-validation-final-v2,1500,Qwen3-8B/STSB/results.json,4096,0.0625,0.31935808217013295,0.07276672259576439,22.785307984470883,122.78530798447089
