model,task,metric,threshold_pct,smallest_tested_dimension,dimension_fraction
Qwen3-8B,STSB,cosine_spearman,95,256,0.0625
Qwen3-8B,Banking77,accuracy,95,256,0.0625
Qwen3-8B,Banking77,macro_f1,95,256,0.0625
Qwen3-8B,Banking77,all_task_metrics,95,256,0.0625
Qwen3-8B,SciFact,ndcg_at_10,95,2048,0.5
Qwen3-8B,SciFact,mrr_at_10,95,4096,1.0
Qwen3-8B,SciFact,recall_at_10,95,2048,0.5
Qwen3-8B,SciFact,recall_at_100,95,2048,0.5
Qwen3-8B,SciFact,all_task_metrics,95,4096,1.0
Qwen3-8B,Arxiv-Clustering,v_measure,95,4096,1.0
Qwen3-8B,Arxiv-Clustering,nmi,95,4096,1.0
Qwen3-8B,Arxiv-Clustering,adjusted_rand,95,4096,1.0
Qwen3-8B,Arxiv-Clustering,all_task_metrics,95,4096,1.0
Gemma3-4B,STSB,cosine_spearman,95,320,0.125
Gemma3-4B,Banking77,accuracy,95,320,0.125
Gemma3-4B,Banking77,macro_f1,95,320,0.125
Gemma3-4B,Banking77,all_task_metrics,95,320,0.125
Gemma3-4B,SciFact,ndcg_at_10,95,1280,0.5
Gemma3-4B,SciFact,mrr_at_10,95,1280,0.5
Gemma3-4B,SciFact,recall_at_10,95,1280,0.5
Gemma3-4B,SciFact,recall_at_100,95,1280,0.5
Gemma3-4B,SciFact,all_task_metrics,95,1280,0.5
Gemma3-4B,Arxiv-Clustering,v_measure,95,2560,1.0
Gemma3-4B,Arxiv-Clustering,nmi,95,2560,1.0
Gemma3-4B,Arxiv-Clustering,adjusted_rand,95,2560,1.0
Gemma3-4B,Arxiv-Clustering,all_task_metrics,95,2560,1.0
Llama3.2-3B,STSB,cosine_spearman,95,384,0.125
Llama3.2-3B,Banking77,accuracy,95,384,0.125
Llama3.2-3B,Banking77,macro_f1,95,384,0.125
Llama3.2-3B,Banking77,all_task_metrics,95,384,0.125
Llama3.2-3B,SciFact,ndcg_at_10,95,1536,0.5
Llama3.2-3B,SciFact,mrr_at_10,95,1536,0.5
Llama3.2-3B,SciFact,recall_at_10,95,1536,0.5
Llama3.2-3B,SciFact,recall_at_100,95,1536,0.5
Llama3.2-3B,SciFact,all_task_metrics,95,1536,0.5
Llama3.2-3B,Arxiv-Clustering,v_measure,95,3072,1.0
Llama3.2-3B,Arxiv-Clustering,nmi,95,3072,1.0
Llama3.2-3B,Arxiv-Clustering,adjusted_rand,95,3072,1.0
Llama3.2-3B,Arxiv-Clustering,all_task_metrics,95,3072,1.0
Phi4-mini,STSB,cosine_spearman,95,384,0.125
Phi4-mini,Banking77,accuracy,95,384,0.125
Phi4-mini,Banking77,macro_f1,95,384,0.125
Phi4-mini,Banking77,all_task_metrics,95,384,0.125
Phi4-mini,SciFact,ndcg_at_10,95,768,0.25
Phi4-mini,SciFact,mrr_at_10,95,768,0.25
Phi4-mini,SciFact,recall_at_10,95,768,0.25
Phi4-mini,SciFact,recall_at_100,95,1536,0.5
Phi4-mini,SciFact,all_task_metrics,95,1536,0.5
Phi4-mini,Arxiv-Clustering,v_measure,95,3072,1.0
Phi4-mini,Arxiv-Clustering,nmi,95,3072,1.0
Phi4-mini,Arxiv-Clustering,adjusted_rand,95,3072,1.0
Phi4-mini,Arxiv-Clustering,all_task_metrics,95,3072,1.0
Mistral-7B,STSB,cosine_spearman,95,512,0.125
Mistral-7B,Banking77,accuracy,95,512,0.125
Mistral-7B,Banking77,macro_f1,95,512,0.125
Mistral-7B,Banking77,all_task_metrics,95,512,0.125
Mistral-7B,SciFact,ndcg_at_10,95,1024,0.25
Mistral-7B,SciFact,mrr_at_10,95,2048,0.5
Mistral-7B,SciFact,recall_at_10,95,512,0.125
Mistral-7B,SciFact,recall_at_100,95,2048,0.5
Mistral-7B,SciFact,all_task_metrics,95,2048,0.5
Mistral-7B,Arxiv-Clustering,v_measure,95,4096,1.0
Mistral-7B,Arxiv-Clustering,nmi,95,4096,1.0
Mistral-7B,Arxiv-Clustering,adjusted_rand,95,4096,1.0
Mistral-7B,Arxiv-Clustering,all_task_metrics,95,4096,1.0
