model,dimension,ndcg_at_10,recall_at_10,recall_at_100,mrr_at_10
Qwen3-8B,4096,0.0223646252325652,0.03666666666666667,0.12666666666666668,0.018948412698412697
Qwen3-8B,2048,0.02199145890808181,0.04,0.135,0.01753703703703704
Qwen3-8B,1024,0.014637952612364303,0.02666666666666667,0.12,0.011642857142857142
Qwen3-8B,512,0.00927971723966932,0.016666666666666666,0.1,0.007750000000000001
Qwen3-8B,256,0.005311349666257729,0.008333333333333333,0.08,0.004555555555555556
Gemma3-4B,2560,0.048163051670317335,0.07083333333333333,0.19394444444444445,0.04742592592592593
Gemma3-4B,1280,0.05597832313193849,0.08816666666666667,0.20894444444444443,0.05281746031746032
Gemma3-4B,640,0.04247392590644335,0.060833333333333336,0.17116666666666666,0.04312037037037037
Gemma3-4B,320,0.02248562369053989,0.0375,0.15383333333333332,0.022416666666666665
Llama3.2-3B,3072,0.04522034930399857,0.07733333333333334,0.16422222222222221,0.03671164021164021
Llama3.2-3B,1536,0.04578684936708278,0.08066666666666666,0.16155555555555556,0.038582010582010585
Llama3.2-3B,768,0.02032085377328541,0.042333333333333334,0.12199999999999998,0.015648148148148147
Llama3.2-3B,384,0.004518587996892232,0.0115,0.07966666666666666,0.0037354497354497355
Phi4-mini,3072,0.01618770722864699,0.02666666666666667,0.08744444444444445,0.013337301587301589
Phi4-mini,1536,0.02553067073597445,0.03611111111111111,0.11511111111111111,0.02325925925925926
Phi4-mini,768,0.017988036381672047,0.027777777777777773,0.07344444444444444,0.015337301587301587
Phi4-mini,384,0.007292942676328409,0.013333333333333334,0.05261111111111111,0.005481481481481481
Mistral-7B,4096,0.014073883194648286,0.018333333333333333,0.07111111111111111,0.01280952380952381
Mistral-7B,2048,0.016005180186304483,0.02666666666666667,0.08777777777777777,0.012896825396825396
Mistral-7B,1024,0.013862800594394145,0.021666666666666667,0.06444444444444444,0.0115
Mistral-7B,512,0.010908298125416549,0.018333333333333333,0.04777777777777777,0.008796296296296297
