model,dimension,cosine_spearman
Qwen3-8B,4096,0.31935808217013295
Qwen3-8B,2048,0.4307390090013596
Qwen3-8B,1024,0.42077745230471897
Qwen3-8B,512,0.4081462015948755
Qwen3-8B,256,0.39212480476589734
Gemma3-4B,2560,0.5556569902263853
Gemma3-4B,1280,0.5931090569977232
Gemma3-4B,640,0.583277146298026
Gemma3-4B,320,0.5659000079713578
Llama3.2-3B,3072,0.5406037276494655
Llama3.2-3B,1536,0.6041789489788109
Llama3.2-3B,768,0.5938659667727438
Llama3.2-3B,384,0.5741412503135314
Phi4-mini,3072,0.33230536100007413
Phi4-mini,1536,0.36062150331714693
Phi4-mini,768,0.3484105856375933
Phi4-mini,384,0.3345557006313494
Mistral-7B,4096,0.4383971846048602
Mistral-7B,2048,0.49920545482729706
Mistral-7B,1024,0.48641039261650515
Mistral-7B,512,0.4681518159591271
